Date,langCode,pageviews
2017-11-28,ar,203918
2017-11-28,cs,247487
2017-11-28,da,75704
2017-11-28,de,6197456
2017-11-28,en,74596348
2017-11-28,es,6056058
2017-11-28,fi,138612
2017-11-28,fr,3413410
2017-11-28,he,125598
2017-11-28,hi,188571
2017-11-28,hu,130529
2017-11-28,id,1219177
2017-11-28,it,4468279
2017-11-28,ja,11072314
2017-11-28,ko,238467
2017-11-28,nl,504814
2017-11-28,no,57293
2017-11-28,pl,1260588
2017-11-28,pt,2068622
2017-11-28,ro,110918
2017-11-28,ru,392865
2017-11-28,simple,83740
2017-11-28,sv,270214
2017-11-28,uk,220789
2017-11-28,zh,1678071
2017-11-29,ar,216810
2017-11-29,cs,256280
2017-11-29,da,71755
2017-11-29,de,6323173
2017-11-29,en,72573586
2017-11-29,es,5900960
2017-11-29,fi,173961
2017-11-29,fr,3209785
2017-11-29,he,122099
2017-11-29,hi,191374
2017-11-29,hu,114520
2017-11-29,id,1263907
2017-11-29,it,4572889
2017-11-29,ja,11404872
2017-11-29,ko,196696
2017-11-29,nl,506042
2017-11-29,no,36643
2017-11-29,pl,1173139
2017-11-29,pt,1983807
2017-11-29,ro,80979
2017-11-29,ru,376285
2017-11-29,simple,70844
2017-11-29,sv,231415
2017-11-29,uk,234510
2017-11-29,zh,1740388
2017-11-30,ar,124179
2017-11-30,cs,213325
2017-11-30,da,69822
2017-11-30,de,5144270
2017-11-30,en,70967701
2017-11-30,es,4886740
2017-11-30,fi,162370
2017-11-30,fr,2935891
2017-11-30,he,88147
2017-11-30,hi,180475
2017-11-30,hu,96664
2017-11-30,id,627401
2017-11-30,it,4261974
2017-11-30,ja,10355946
2017-11-30,ko,150986
2017-11-30,nl,564627
2017-11-30,no,30353
2017-11-30,pl,1148354
2017-11-30,pt,2256494
2017-11-30,ro,98507
2017-11-30,ru,336508
2017-11-30,simple,61434
2017-11-30,sv,223271
2017-11-30,uk,205712
2017-11-30,zh,1591381
2017-12-01,ar,142587
2017-12-01,cs,192700
2017-12-01,da,118035
2017-12-01,de,4632295
2017-12-01,en,65607190
2017-12-01,es,3450638
2017-12-01,fi,167773
2017-12-01,fr,3024379
2017-12-01,he,75603
2017-12-01,hi,154104
2017-12-01,hu,102177
2017-12-01,id,502931
2017-12-01,it,3809363
2017-12-01,ja,11580216
2017-12-01,ko,235925
2017-12-01,nl,492875
2017-12-01,no,72162
2017-12-01,pl,1099697
2017-12-01,pt,1650857
2017-12-01,ro,178637
2017-12-01,ru,300259
2017-12-01,simple,56145
2017-12-01,sv,291704
2017-12-01,uk,71387
2017-12-01,zh,1653357
2017-12-02,ar,166843
2017-12-02,cs,221119
2017-12-02,da,122257
2017-12-02,de,4607550
2017-12-02,en,60566255
2017-12-02,es,2715520
2017-12-02,fi,208247
2017-12-02,fr,3471721
2017-12-02,he,102109
2017-12-02,hi,132260
2017-12-02,hu,132021
2017-12-02,id,417200
2017-12-02,it,4019385
2017-12-02,ja,11912038
2017-12-02,ko,185019
2017-12-02,nl,469566
2017-12-02,no,71003
2017-12-02,pl,1087191
2017-12-02,pt,1345926
2017-12-02,ro,69609
2017-12-02,ru,382289
2017-12-02,simple,49905
2017-12-02,sv,351223
2017-12-02,uk,49627
2017-12-02,zh,1951339
2017-12-03,ar,166914
2017-12-03,cs,252530
2017-12-03,da,147181
2017-12-03,de,6843275
2017-12-03,en,69853944
2017-12-03,es,4207533
2017-12-03,fi,235374
2017-12-03,fr,4753656
2017-12-03,he,105367
2017-12-03,hi,146170
2017-12-03,hu,313891
2017-12-03,id,826164
2017-12-03,it,5072382
2017-12-03,ja,13117498
2017-12-03,ko,222810
2017-12-03,nl,513300
2017-12-03,no,95509
2017-12-03,pl,1368462
2017-12-03,pt,1683560
2017-12-03,ro,88982
2017-12-03,ru,526769
2017-12-03,simple,58741
2017-12-03,sv,311672
2017-12-03,uk,106161
2017-12-03,zh,2015609
2017-12-04,ar,252438
2017-12-04,cs,233896
2017-12-04,da,100814
2017-12-04,de,6401183
2017-12-04,en,74960910
2017-12-04,es,4607799
2017-12-04,fi,180042
2017-12-04,fr,3577237
2017-12-04,he,94717
2017-12-04,hi,179835
2017-12-04,hu,148378
2017-12-04,id,1419230
2017-12-04,it,4288905
2017-12-04,ja,10974351
2017-12-04,ko,229158
2017-12-04,nl,479627
2017-12-04,no,51769
2017-12-04,pl,1175551
2017-12-04,pt,1775826
2017-12-04,ro,91422
2017-12-04,ru,899659
2017-12-04,simple,66018
2017-12-04,sv,296662
2017-12-04,uk,193173
2017-12-04,zh,1514198
2017-12-05,ar,193675
2017-12-05,cs,219655
2017-12-05,da,132950
2017-12-05,de,5883797
2017-12-05,en,70371457
2017-12-05,es,4426316
2017-12-05,fi,280239
2017-12-05,fr,4033390
2017-12-05,he,92118
2017-12-05,hi,247015
2017-12-05,hu,112764
2017-12-05,id,1399731
2017-12-05,it,4016182
2017-12-05,ja,10987351
2017-12-05,ko,180882
2017-12-05,nl,546873
2017-12-05,no,105335
2017-12-05,pl,1331750
2017-12-05,pt,1555312
2017-12-05,ro,330821
2017-12-05,ru,1167203
2017-12-05,simple,66564
2017-12-05,sv,278534
2017-12-05,uk,198257
2017-12-05,zh,1452830
2017-12-06,ar,192312
2017-12-06,cs,208326
2017-12-06,da,114865
2017-12-06,de,5909083
2017-12-06,en,70325241
2017-12-06,es,4955956
2017-12-06,fi,787929
2017-12-06,fr,7131994
2017-12-06,he,103339
2017-12-06,hi,234377
2017-12-06,hu,109404
2017-12-06,id,1351534
2017-12-06,it,4103431
2017-12-06,ja,11378613
2017-12-06,ko,221930
2017-12-06,nl,531378
2017-12-06,no,72662
2017-12-06,pl,1081584
2017-12-06,pt,1535330
2017-12-06,ro,259376
2017-12-06,ru,1055558
2017-12-06,simple,65438
2017-12-06,sv,328236
2017-12-06,uk,225308
2017-12-06,zh,1443348
2017-12-07,ar,205171
2017-12-07,cs,218754
2017-12-07,da,103706
2017-12-07,de,5682659
2017-12-07,en,70046136
2017-12-07,es,4222433
2017-12-07,fi,207456
2017-12-07,fr,4898096
2017-12-07,he,125007
2017-12-07,hi,218709
2017-12-07,hu,102039
2017-12-07,id,1214873
2017-12-07,it,3957418
2017-12-07,ja,10557073
2017-12-07,ko,186678
2017-12-07,nl,490135
2017-12-07,no,82374
2017-12-07,pl,1281494
2017-12-07,pt,1414298
2017-12-07,ro,156580
2017-12-07,ru,461602
2017-12-07,simple,70838
2017-12-07,sv,256708
2017-12-07,uk,192901
2017-12-07,zh,1465704
2017-12-08,ar,235029
2017-12-08,cs,191105
2017-12-08,da,104795
2017-12-08,de,5420750
2017-12-08,en,67154566
2017-12-08,es,3876515
2017-12-08,fi,190340
2017-12-08,fr,3973499
2017-12-08,he,80448
2017-12-08,hi,193701
2017-12-08,hu,106749
2017-12-08,id,968719
2017-12-08,it,4770749
2017-12-08,ja,11371679
2017-12-08,ko,207050
2017-12-08,nl,543294
2017-12-08,no,80751
2017-12-08,pl,995479
2017-12-08,pt,1174694
2017-12-08,ro,101069
2017-12-08,ru,388491
2017-12-08,simple,57209
2017-12-08,sv,357298
2017-12-08,uk,84227
2017-12-08,zh,1400333
2017-12-09,ar,239427
2017-12-09,cs,252388
2017-12-09,da,111172
2017-12-09,de,5168195
2017-12-09,en,65014960
2017-12-09,es,3000112
2017-12-09,fi,199844
2017-12-09,fr,6298537
2017-12-09,he,93103
2017-12-09,hi,163110
2017-12-09,hu,113552
2017-12-09,id,570550
2017-12-09,it,4312897
2017-12-09,ja,12011188
2017-12-09,ko,295197
2017-12-09,nl,520568
2017-12-09,no,89558
2017-12-09,pl,931897
2017-12-09,pt,1241108
2017-12-09,ro,94674
2017-12-09,ru,451868
2017-12-09,simple,51746
2017-12-09,sv,389797
2017-12-09,uk,64596
2017-12-09,zh,1757862
2017-12-10,ar,270781
2017-12-10,cs,251489
2017-12-10,da,146366
2017-12-10,de,6868840
2017-12-10,en,74937429
2017-12-10,es,4204330
2017-12-10,fi,218130
2017-12-10,fr,6481922
2017-12-10,he,99848
2017-12-10,hi,180740
2017-12-10,hu,183969
2017-12-10,id,559267
2017-12-10,it,5881328
2017-12-10,ja,12491154
2017-12-10,ko,262655
2017-12-10,nl,621666
2017-12-10,no,80570
2017-12-10,pl,1410828
2017-12-10,pt,1789624
2017-12-10,ro,147434
2017-12-10,ru,497980
2017-12-10,simple,83041
2017-12-10,sv,422094
2017-12-10,uk,118171
2017-12-10,zh,1790827
2017-12-11,ar,240429
2017-12-11,cs,239540
2017-12-11,da,123637
2017-12-11,de,6768220
2017-12-11,en,77865699
2017-12-11,es,4718965
2017-12-11,fi,149859
2017-12-11,fr,4626281
2017-12-11,he,99376
2017-12-11,hi,199681
2017-12-11,hu,114622
2017-12-11,id,761143
2017-12-11,it,4681384
2017-12-11,ja,11109381
2017-12-11,ko,264712
2017-12-11,nl,520117
2017-12-11,no,99364
2017-12-11,pl,1427689
2017-12-11,pt,1502516
2017-12-11,ro,126231
2017-12-11,ru,461645
2017-12-11,simple,95597
2017-12-11,sv,310092
2017-12-11,uk,228364
2017-12-11,zh,1463276
2017-12-12,ar,210127
2017-12-12,cs,216343
2017-12-12,da,97938
2017-12-12,de,6033420
2017-12-12,en,70513346
2017-12-12,es,3808150
2017-12-12,fi,130379
2017-12-12,fr,3727634
2017-12-12,he,161743
2017-12-12,hi,232400
2017-12-12,hu,104063
2017-12-12,id,583399
2017-12-12,it,4535649
2017-12-12,ja,10556502
2017-12-12,ko,309647
2017-12-12,nl,480023
2017-12-12,no,86519
2017-12-12,pl,1199019
2017-12-12,pt,1598568
2017-12-12,ro,125180
2017-12-12,ru,428534
2017-12-12,simple,74708
2017-12-12,sv,269663
2017-12-12,uk,236247
2017-12-12,zh,1466127
2017-12-13,ar,195479
2017-12-13,cs,239165
2017-12-13,da,117730
2017-12-13,de,6553218
2017-12-13,en,70697088
2017-12-13,es,3851312
2017-12-13,fi,158310
2017-12-13,fr,3887324
2017-12-13,he,109238
2017-12-13,hi,220690
2017-12-13,hu,106401
2017-12-13,id,488437
2017-12-13,it,4540309
2017-12-13,ja,11511016
2017-12-13,ko,220348
2017-12-13,nl,601011
2017-12-13,no,126696
2017-12-13,pl,1179226
2017-12-13,pt,1471190
2017-12-13,ro,298054
2017-12-13,ru,332637
2017-12-13,simple,71908
2017-12-13,sv,302708
2017-12-13,uk,248670
2017-12-13,zh,1402416
2017-12-14,ar,136406
2017-12-14,cs,212064
2017-12-14,da,101638
2017-12-14,de,5650917
2017-12-14,en,67947083
2017-12-14,es,3792213
2017-12-14,fi,130990
2017-12-14,fr,3381709
2017-12-14,he,104218
2017-12-14,hi,249000
2017-12-14,hu,93240
2017-12-14,id,461926
2017-12-14,it,4270634
2017-12-14,ja,10191343
2017-12-14,ko,235072
2017-12-14,nl,533479
2017-12-14,no,68835
2017-12-14,pl,1090316
2017-12-14,pt,1447193
2017-12-14,ro,230999
2017-12-14,ru,333806
2017-12-14,simple,65648
2017-12-14,sv,241807
2017-12-14,uk,224124
2017-12-14,zh,1620262
2017-12-15,ar,145629
2017-12-15,cs,216541
2017-12-15,da,100195
2017-12-15,de,5285645
2017-12-15,en,64573838
2017-12-15,es,2616669
2017-12-15,fi,127080
2017-12-15,fr,2842688
2017-12-15,he,85394
2017-12-15,hi,206218
2017-12-15,hu,96097
2017-12-15,id,394706
2017-12-15,it,3800863
2017-12-15,ja,11377509
2017-12-15,ko,249403
2017-12-15,nl,512503
2017-12-15,no,78665
2017-12-15,pl,783792
2017-12-15,pt,1123854
2017-12-15,ro,181246
2017-12-15,ru,322661
2017-12-15,simple,58893
2017-12-15,sv,342603
2017-12-15,uk,97438
2017-12-15,zh,1387528
2017-12-16,ar,369538
2017-12-16,cs,218077
2017-12-16,da,120110
2017-12-16,de,5011900
2017-12-16,en,62337142
2017-12-16,es,2365828
2017-12-16,fi,143396
2017-12-16,fr,3743650
2017-12-16,he,87760
2017-12-16,hi,177426
2017-12-16,hu,129536
2017-12-16,id,352365
2017-12-16,it,3808992
2017-12-16,ja,12127361
2017-12-16,ko,259838
2017-12-16,nl,527376
2017-12-16,no,65787
2017-12-16,pl,962760
2017-12-16,pt,1220861
2017-12-16,ro,796020
2017-12-16,ru,427241
2017-12-16,simple,46329
2017-12-16,sv,312825
2017-12-16,uk,56671
2017-12-16,zh,1780374
2017-12-17,ar,178943
2017-12-17,cs,278990
2017-12-17,da,151163
2017-12-17,de,7167492
2017-12-17,en,69744750
2017-12-17,es,3224145
2017-12-17,fi,185529
2017-12-17,fr,5310062
2017-12-17,he,102322
2017-12-17,hi,175979
2017-12-17,hu,162776
2017-12-17,id,383865
2017-12-17,it,5554193
2017-12-17,ja,13027714
2017-12-17,ko,367325
2017-12-17,nl,599172
2017-12-17,no,89832
2017-12-17,pl,1352294
2017-12-17,pt,1575315
2017-12-17,ro,306895
2017-12-17,ru,450432
2017-12-17,simple,52021
2017-12-17,sv,357907
2017-12-17,uk,126878
2017-12-17,zh,1903013
2017-12-18,ar,187414
2017-12-18,cs,224199
2017-12-18,da,95832
2017-12-18,de,6316901
2017-12-18,en,72201134
2017-12-18,es,3442931
2017-12-18,fi,135682
2017-12-18,fr,3684209
2017-12-18,he,98282
2017-12-18,hi,218911
2017-12-18,hu,96128
2017-12-18,id,427239
2017-12-18,it,4558475
2017-12-18,ja,11060578
2017-12-18,ko,352462
2017-12-18,nl,498375
2017-12-18,no,49066
2017-12-18,pl,1139522
2017-12-18,pt,1398313
2017-12-18,ro,163524
2017-12-18,ru,390863
2017-12-18,simple,57214
2017-12-18,sv,216318
2017-12-18,uk,226563
2017-12-18,zh,2154630
2017-12-19,ar,163858
2017-12-19,cs,231246
2017-12-19,da,90697
2017-12-19,de,5754152
2017-12-19,en,66314812
2017-12-19,es,2753217
2017-12-19,fi,132653
2017-12-19,fr,3373892
2017-12-19,he,95181
2017-12-19,hi,225173
2017-12-19,hu,120230
2017-12-19,id,413998
2017-12-19,it,3908764
2017-12-19,ja,10667885
2017-12-19,ko,225464
2017-12-19,nl,480042
2017-12-19,no,65273
2017-12-19,pl,981232
2017-12-19,pt,1220672
2017-12-19,ro,123944
2017-12-19,ru,344375
2017-12-19,simple,62540
2017-12-19,sv,180797
2017-12-19,uk,177436
2017-12-19,zh,1666575
2017-12-20,ar,136006
2017-12-20,cs,216159
2017-12-20,da,70397
2017-12-20,de,5271822
2017-12-20,en,64962748
2017-12-20,es,2341111
2017-12-20,fi,96373
2017-12-20,fr,3231185
2017-12-20,he,95624
2017-12-20,hi,206070
2017-12-20,hu,106355
2017-12-20,id,385753
2017-12-20,it,3663763
2017-12-20,ja,10612557
2017-12-20,ko,215324
2017-12-20,nl,463964
2017-12-20,no,58161
2017-12-20,pl,840831
2017-12-20,pt,1072238
2017-12-20,ro,75580
2017-12-20,ru,274251
2017-12-20,simple,63444
2017-12-20,sv,158446
2017-12-20,uk,223087
2017-12-20,zh,1374355
2017-12-21,ar,118079
2017-12-21,cs,169453
2017-12-21,da,60534
2017-12-21,de,5525937
2017-12-21,en,63758826
2017-12-21,es,2376120
2017-12-21,fi,87271
2017-12-21,fr,3053811
2017-12-21,he,97559
2017-12-21,hi,237191
2017-12-21,hu,89740
2017-12-21,id,373294
2017-12-21,it,3415809
2017-12-21,ja,9586485
2017-12-21,ko,233408
2017-12-21,nl,472859
2017-12-21,no,65516
2017-12-21,pl,669872
2017-12-21,pt,1251002
2017-12-21,ro,62150
2017-12-21,ru,266297
2017-12-21,simple,64060
2017-12-21,sv,168000
2017-12-21,uk,183759
2017-12-21,zh,1452283
2017-12-22,ar,112287
2017-12-22,cs,175301
2017-12-22,da,102243
2017-12-22,de,5297137
2017-12-22,en,60856472
2017-12-22,es,1995460
2017-12-22,fi,128107
2017-12-22,fr,2505563
2017-12-22,he,93036
2017-12-22,hi,202078
2017-12-22,hu,95751
2017-12-22,id,311003
2017-12-22,it,3181601
2017-12-22,ja,11066983
2017-12-22,ko,225641
2017-12-22,nl,447941
2017-12-22,no,79370
2017-12-22,pl,589750
2017-12-22,pt,1011419
2017-12-22,ro,51964
2017-12-22,ru,267067
2017-12-22,simple,57083
2017-12-22,sv,288169
2017-12-22,uk,109458
2017-12-22,zh,1424062
2017-12-23,ar,96161
2017-12-23,cs,217706
2017-12-23,da,106022
2017-12-23,de,5567716
2017-12-23,en,62877039
2017-12-23,es,1821808
2017-12-23,fi,211346
2017-12-23,fr,3197119
2017-12-23,he,121837
2017-12-23,hi,172169
2017-12-23,hu,112933
2017-12-23,id,273513
2017-12-23,it,3378470
2017-12-23,ja,12134364
2017-12-23,ko,224368
2017-12-23,nl,533444
2017-12-23,no,223171
2017-12-23,pl,770697
2017-12-23,pt,1065027
2017-12-23,ro,56232
2017-12-23,ru,310451
2017-12-23,simple,51858
2017-12-23,sv,379771
2017-12-23,uk,44727
2017-12-23,zh,1650700
2017-12-24,ar,144750
2017-12-24,cs,316807
2017-12-24,da,130654
2017-12-24,de,6649881
2017-12-24,en,68532980
2017-12-24,es,2111548
2017-12-24,fi,315376
2017-12-24,fr,3283081
2017-12-24,he,138450
2017-12-24,hi,157301
2017-12-24,hu,120091
2017-12-24,id,299251
2017-12-24,it,3858472
2017-12-24,ja,13208757
2017-12-24,ko,323719
2017-12-24,nl,874741
2017-12-24,no,203503
2017-12-24,pl,1001493
2017-12-24,pt,1076244
2017-12-24,ro,50939
2017-12-24,ru,350159
2017-12-24,simple,50675
2017-12-24,sv,508742
2017-12-24,uk,51029
2017-12-24,zh,1885763
2017-12-25,ar,116343
2017-12-25,cs,333537
2017-12-25,da,130692
2017-12-25,de,9496218
2017-12-25,en,70818044
2017-12-25,es,2647392
2017-12-25,fi,321927
2017-12-25,fr,4098552
2017-12-25,he,119756
2017-12-25,hi,196505
2017-12-25,hu,151714
2017-12-25,id,358587
2017-12-25,it,4450186
2017-12-25,ja,10719498
2017-12-25,ko,311292
2017-12-25,nl,810471
2017-12-25,no,186932
2017-12-25,pl,1347123
2017-12-25,pt,1175012
2017-12-25,ro,69638
2017-12-25,ru,504988
2017-12-25,simple,53141
2017-12-25,sv,569993
2017-12-25,uk,64229
2017-12-25,zh,1539130
2017-12-26,ar,96963
2017-12-26,cs,359697
2017-12-26,da,141233
2017-12-26,de,9230620
2017-12-26,en,71180203
2017-12-26,es,2728335
2017-12-26,fi,279771
2017-12-26,fr,4230641
2017-12-26,he,128199
2017-12-26,hi,183157
2017-12-26,hu,154096
2017-12-26,id,307569
2017-12-26,it,6554703
2017-12-26,ja,10335548
2017-12-26,ko,250244
2017-12-26,nl,894298
2017-12-26,no,129667
2017-12-26,pl,1383060
2017-12-26,pt,1560906
2017-12-26,ro,68100
2017-12-26,ru,335647
2017-12-26,simple,65597
2017-12-26,sv,497179
2017-12-26,uk,78247
2017-12-26,zh,1598522
2017-12-27,ar,109193
2017-12-27,cs,235918
2017-12-27,da,139763
2017-12-27,de,7280601
2017-12-27,en,73960083
2017-12-27,es,2687971
2017-12-27,fi,139685
2017-12-27,fr,4104800
2017-12-27,he,142195
2017-12-27,hi,202339
2017-12-27,hu,131374
2017-12-27,id,335921
2017-12-27,it,5730725
2017-12-27,ja,9689858
2017-12-27,ko,201863
2017-12-27,nl,742309
2017-12-27,no,105329
2017-12-27,pl,974292
2017-12-27,pt,1398889
2017-12-27,ro,44920
2017-12-27,ru,322847
2017-12-27,simple,74335
2017-12-27,sv,378912
2017-12-27,uk,60934
2017-12-27,zh,1626358
2017-12-28,ar,99621
2017-12-28,cs,216259
2017-12-28,da,106846
2017-12-28,de,6846708
2017-12-28,en,71080155
2017-12-28,es,2718421
2017-12-28,fi,164620
2017-12-28,fr,4241881
2017-12-28,he,163427
2017-12-28,hi,194865
2017-12-28,hu,128155
2017-12-28,id,313062
2017-12-28,it,5488941
2017-12-28,ja,9087931
2017-12-28,ko,187729
2017-12-28,nl,702573
2017-12-28,no,111310
2017-12-28,pl,1048982
2017-12-28,pt,1558725
2017-12-28,ro,44224
2017-12-28,ru,234524
2017-12-28,simple,71373
2017-12-28,sv,287866
2017-12-28,uk,31170
2017-12-28,zh,1539586
2017-12-29,ar,99409
2017-12-29,cs,232383
2017-12-29,da,99723
2017-12-29,de,6025031
2017-12-29,en,69884425
2017-12-29,es,2421654
2017-12-29,fi,170347
2017-12-29,fr,4000911
2017-12-29,he,103947
2017-12-29,hi,183917
2017-12-29,hu,128984
2017-12-29,id,306161
2017-12-29,it,4757812
2017-12-29,ja,10198793
2017-12-29,ko,279972
2017-12-29,nl,762846
2017-12-29,no,98503
2017-12-29,pl,929686
2017-12-29,pt,1174160
2017-12-29,ro,49311
2017-12-29,ru,523976
2017-12-29,simple,62945
2017-12-29,sv,368696
2017-12-29,uk,37700
2017-12-29,zh,1610008
2017-12-30,ar,89671
2017-12-30,cs,295176
2017-12-30,da,182256
2017-12-30,de,7255177
2017-12-30,en,70414106
2017-12-30,es,2168897
2017-12-30,fi,223409
2017-12-30,fr,4038397
2017-12-30,he,135368
2017-12-30,hi,141899
2017-12-30,hu,130809
2017-12-30,id,333901
2017-12-30,it,4874742
2017-12-30,ja,12407106
2017-12-30,ko,259487
2017-12-30,nl,808786
2017-12-30,no,123300
2017-12-30,pl,1159542
2017-12-30,pt,1082335
2017-12-30,ro,59210
2017-12-30,ru,609873
2017-12-30,simple,53869
2017-12-30,sv,508265
2017-12-30,uk,49649
2017-12-30,zh,2121568
2017-12-31,ar,89321
2017-12-31,cs,481928
2017-12-31,da,196158
2017-12-31,de,8031100
2017-12-31,en,74481935
2017-12-31,es,2293876
2017-12-31,fi,198908
2017-12-31,fr,3910502
2017-12-31,he,184709
2017-12-31,hi,101061
2017-12-31,hu,147951
2017-12-31,id,282244
2017-12-31,it,4706624
2017-12-31,ja,17941489
2017-12-31,ko,354967
2017-12-31,nl,950428
2017-12-31,no,111422
2017-12-31,pl,2171027
2017-12-31,pt,1310535
2017-12-31,ro,85077
2017-12-31,ru,838920
2017-12-31,simple,58630
2017-12-31,sv,370974
2017-12-31,uk,81110
2017-12-31,zh,2155468
2018-01-01,ar,106881
2018-01-01,cs,944620
2018-01-01,da,219716
2018-01-01,de,9970495
2018-01-01,en,81477581
2018-01-01,es,3147826
2018-01-01,fi,227920
2018-01-01,fr,5183157
2018-01-01,he,146251
2018-01-01,hi,108539
2018-01-01,hu,267584
2018-01-01,id,335877
2018-01-01,it,7262487
2018-01-01,ja,13629144
2018-01-01,ko,356341
2018-01-01,nl,881557
2018-01-01,no,113633
2018-01-01,pl,2894119
2018-01-01,pt,1071818
2018-01-01,ro,113541
2018-01-01,ru,909838
2018-01-01,simple,57099
2018-01-01,sv,571899
2018-01-01,uk,88826
2018-01-01,zh,2349211
2018-01-02,ar,103516
2018-01-02,cs,954939
2018-01-02,da,74658
2018-01-02,de,7259066
2018-01-02,en,80492589
2018-01-02,es,2846071
2018-01-02,fi,153052
2018-01-02,fr,4767325
2018-01-02,he,125509
2018-01-02,hi,225716
2018-01-02,hu,168057
2018-01-02,id,336500
2018-01-02,it,6601461
2018-01-02,ja,14703886
2018-01-02,ko,260446
2018-01-02,nl,561235
2018-01-02,no,74434
2018-01-02,pl,1812020
2018-01-02,pt,1582077
2018-01-02,ro,85642
2018-01-02,ru,532534
2018-01-02,simple,76521
2018-01-02,sv,330222
2018-01-02,uk,67883
2018-01-02,zh,1839910
2018-01-03,ar,95286
2018-01-03,cs,548538
2018-01-03,da,82275
2018-01-03,de,7274965
2018-01-03,en,72931144
2018-01-03,es,2740648
2018-01-03,fi,95428
2018-01-03,fr,4424912
2018-01-03,he,98952
2018-01-03,hi,252416
2018-01-03,hu,124149
2018-01-03,id,464858
2018-01-03,it,6548798
2018-01-03,ja,16249836
2018-01-03,ko,206787
2018-01-03,nl,611995
2018-01-03,no,83140
2018-01-03,pl,1631484
2018-01-03,pt,1484660
2018-01-03,ro,71564
2018-01-03,ru,401093
2018-01-03,simple,74285
2018-01-03,sv,401281
2018-01-03,uk,51903
2018-01-03,zh,1676498
2018-01-04,ar,96632
2018-01-04,cs,357093
2018-01-04,da,81833
2018-01-04,de,6977700
2018-01-04,en,73682004
2018-01-04,es,2736294
2018-01-04,fi,97042
2018-01-04,fr,4868324
2018-01-04,he,104502
2018-01-04,hi,200475
2018-01-04,hu,128788
2018-01-04,id,533504
2018-01-04,it,6168791
2018-01-04,ja,14430442
2018-01-04,ko,243541
2018-01-04,nl,545202
2018-01-04,no,63722
2018-01-04,pl,1598948
2018-01-04,pt,1423061
2018-01-04,ro,53054
2018-01-04,ru,393242
2018-01-04,simple,73497
2018-01-04,sv,355951
2018-01-04,uk,59190
2018-01-04,zh,1769421
2018-01-05,ar,119702
2018-01-05,cs,373210
2018-01-05,da,109405
2018-01-05,de,6866016
2018-01-05,en,74112922
2018-01-05,es,2615132
2018-01-05,fi,131517
2018-01-05,fr,4329603
2018-01-05,he,107258
2018-01-05,hi,172844
2018-01-05,hu,170099
2018-01-05,id,538063
2018-01-05,it,6023423
2018-01-05,ja,15233555
2018-01-05,ko,209636
2018-01-05,nl,594507
2018-01-05,no,136880
2018-01-05,pl,1107312
2018-01-05,pt,1284398
2018-01-05,ro,78853
2018-01-05,ru,384993
2018-01-05,simple,73487
2018-01-05,sv,687330
2018-01-05,uk,62726
2018-01-05,zh,1771119
2018-01-06,ar,158776
2018-01-06,cs,376709
2018-01-06,da,191338
2018-01-06,de,8012019
2018-01-06,en,76549779
2018-01-06,es,3097581
2018-01-06,fi,300239
2018-01-06,fr,5018834
2018-01-06,he,159671
2018-01-06,hi,148519
2018-01-06,hu,207989
2018-01-06,id,422871
2018-01-06,it,6905412
2018-01-06,ja,15348069
2018-01-06,ko,294548
2018-01-06,nl,642541
2018-01-06,no,144753
2018-01-06,pl,2632554
2018-01-06,pt,1441726
2018-01-06,ro,68105
2018-01-06,ru,460398
2018-01-06,simple,59321
2018-01-06,sv,587764
2018-01-06,uk,97340
2018-01-06,zh,2520903
2018-01-07,ar,192839
2018-01-07,cs,545269
2018-01-07,da,190545
2018-01-07,de,9208350
2018-01-07,en,85960467
2018-01-07,es,3450297
2018-01-07,fi,147069
2018-01-07,fr,8020644
2018-01-07,he,133648
2018-01-07,hi,178047
2018-01-07,hu,191409
2018-01-07,id,474396
2018-01-07,it,8093935
2018-01-07,ja,17696206
2018-01-07,ko,289090
2018-01-07,nl,720607
2018-01-07,no,129955
2018-01-07,pl,2023121
2018-01-07,pt,1895388
2018-01-07,ro,82766
2018-01-07,ru,526744
2018-01-07,simple,73296
2018-01-07,sv,499472
2018-01-07,uk,82961
2018-01-07,zh,2648738
2018-01-08,ar,169800
2018-01-08,cs,343973
2018-01-08,da,102343
2018-01-08,de,7408317
2018-01-08,en,89274622
2018-01-08,es,4433777
2018-01-08,fi,124931
2018-01-08,fr,5260471
2018-01-08,he,140909
2018-01-08,hi,186726
2018-01-08,hu,172155
2018-01-08,id,663864
2018-01-08,it,7135636
2018-01-08,ja,18926428
2018-01-08,ko,261042
2018-01-08,nl,609656
2018-01-08,no,80386
2018-01-08,pl,1496874
2018-01-08,pt,1792838
2018-01-08,ro,79126
2018-01-08,ru,489155
2018-01-08,simple,76293
2018-01-08,sv,272391
2018-01-08,uk,50855
2018-01-08,zh,1945073
2018-01-09,ar,190604
2018-01-09,cs,371759
2018-01-09,da,91598
2018-01-09,de,7021271
2018-01-09,en,78195739
2018-01-09,es,4659041
2018-01-09,fi,154527
2018-01-09,fr,4383761
2018-01-09,he,149260
2018-01-09,hi,223698
2018-01-09,hu,160006
2018-01-09,id,882774
2018-01-09,it,6004655
2018-01-09,ja,14531859
2018-01-09,ko,365095
2018-01-09,nl,539151
2018-01-09,no,74789
2018-01-09,pl,1892681
2018-01-09,pt,1516952
2018-01-09,ro,118977
2018-01-09,ru,419523
2018-01-09,simple,74808
2018-01-09,sv,221299
2018-01-09,uk,66785
2018-01-09,zh,1892279
2018-01-10,ar,188065
2018-01-10,cs,312760
2018-01-10,da,76679
2018-01-10,de,6701524
2018-01-10,en,74068027
2018-01-10,es,4844948
2018-01-10,fi,151893
2018-01-10,fr,4038339
2018-01-10,he,116226
2018-01-10,hi,214430
2018-01-10,hu,124616
2018-01-10,id,930884
2018-01-10,it,5802245
2018-01-10,ja,13216906
2018-01-10,ko,240413
2018-01-10,nl,517257
2018-01-10,no,82479
2018-01-10,pl,1383879
2018-01-10,pt,1415938
2018-01-10,ro,103034
2018-01-10,ru,503273
2018-01-10,simple,85422
2018-01-10,sv,190391
2018-01-10,uk,47750
2018-01-10,zh,1513525
2018-01-11,ar,159071
2018-01-11,cs,398189
2018-01-11,da,71698
2018-01-11,de,6660613
2018-01-11,en,73715873
2018-01-11,es,4757626
2018-01-11,fi,205030
2018-01-11,fr,3998455
2018-01-11,he,89812
2018-01-11,hi,256257
2018-01-11,hu,153207
2018-01-11,id,829277
2018-01-11,it,5459194
2018-01-11,ja,12945248
2018-01-11,ko,338290
2018-01-11,nl,538236
2018-01-11,no,94317
2018-01-11,pl,1339961
2018-01-11,pt,1402408
2018-01-11,ro,119845
2018-01-11,ru,430180
2018-01-11,simple,96382
2018-01-11,sv,236184
2018-01-11,uk,61250
2018-01-11,zh,1540522
2018-01-12,ar,146881
2018-01-12,cs,400211
2018-01-12,da,98255
2018-01-12,de,6490875
2018-01-12,en,73020381
2018-01-12,es,3795125
2018-01-12,fi,188657
2018-01-12,fr,3889513
2018-01-12,he,94405
2018-01-12,hi,258012
2018-01-12,hu,123962
2018-01-12,id,632455
2018-01-12,it,4967747
2018-01-12,ja,13962940
2018-01-12,ko,351204
2018-01-12,nl,517815
2018-01-12,no,123395
2018-01-12,pl,1018394
2018-01-12,pt,1251191
2018-01-12,ro,96257
2018-01-12,ru,405060
2018-01-12,simple,82529
2018-01-12,sv,377144
2018-01-12,uk,53933
2018-01-12,zh,1536848
2018-01-13,ar,173074
2018-01-13,cs,493574
2018-01-13,da,145078
2018-01-13,de,7219385
2018-01-13,en,75110975
2018-01-13,es,3282985
2018-01-13,fi,183746
2018-01-13,fr,3859096
2018-01-13,he,102526
2018-01-13,hi,197417
2018-01-13,hu,128167
2018-01-13,id,426132
2018-01-13,it,4961162
2018-01-13,ja,15424530
2018-01-13,ko,333010
2018-01-13,nl,606486
2018-01-13,no,159497
2018-01-13,pl,1572475
2018-01-13,pt,1320241
2018-01-13,ro,91109
2018-01-13,ru,464961
2018-01-13,simple,62272
2018-01-13,sv,460557
2018-01-13,uk,181588
2018-01-13,zh,2003131
2018-01-14,ar,152580
2018-01-14,cs,411426
2018-01-14,da,152418
2018-01-14,de,8485939
2018-01-14,en,84099271
2018-01-14,es,4310140
2018-01-14,fi,177903
2018-01-14,fr,5501948
2018-01-14,he,127917
2018-01-14,hi,183579
2018-01-14,hu,158264
2018-01-14,id,603292
2018-01-14,it,7610134
2018-01-14,ja,15520561
2018-01-14,ko,351312
2018-01-14,nl,636174
2018-01-14,no,104946
2018-01-14,pl,1648238
2018-01-14,pt,1671399
2018-01-14,ro,132712
2018-01-14,ru,500944
2018-01-14,simple,70073
2018-01-14,sv,391587
2018-01-14,uk,73899
2018-01-14,zh,1980758
2018-01-15,ar,139285
2018-01-15,cs,339577
2018-01-15,da,100875
2018-01-15,de,7967718
2018-01-15,en,87993407
2018-01-15,es,4975174
2018-01-15,fi,167823
2018-01-15,fr,4392248
2018-01-15,he,119317
2018-01-15,hi,197561
2018-01-15,hu,138600
2018-01-15,id,908784
2018-01-15,it,6272749
2018-01-15,ja,13674246
2018-01-15,ko,206714
2018-01-15,nl,687651
2018-01-15,no,89006
2018-01-15,pl,1565177
2018-01-15,pt,1674627
2018-01-15,ro,218347
2018-01-15,ru,436440
2018-01-15,simple,78654
2018-01-15,sv,309676
2018-01-15,uk,95122
2018-01-15,zh,1630183
2018-01-16,ar,121602
2018-01-16,cs,332915
2018-01-16,da,104728
2018-01-16,de,7077401
2018-01-16,en,81111315
2018-01-16,es,5349110
2018-01-16,fi,162292
2018-01-16,fr,3800894
2018-01-16,he,114857
2018-01-16,hi,218377
2018-01-16,hu,147188
2018-01-16,id,978474
2018-01-16,it,5929000
2018-01-16,ja,13212997
2018-01-16,ko,418071
2018-01-16,nl,526235
2018-01-16,no,81196
2018-01-16,pl,1244979
2018-01-16,pt,1504338
2018-01-16,ro,205859
2018-01-16,ru,382749
2018-01-16,simple,86715
2018-01-16,sv,269468
2018-01-16,uk,118040
2018-01-16,zh,1617016
2018-01-17,ar,123163
2018-01-17,cs,312554
2018-01-17,da,124809
2018-01-17,de,7108420
2018-01-17,en,75964482
2018-01-17,es,5014725
2018-01-17,fi,182239
2018-01-17,fr,3623330
2018-01-17,he,109660
2018-01-17,hi,225288
2018-01-17,hu,152468
2018-01-17,id,1030259
2018-01-17,it,5832398
2018-01-17,ja,14090158
2018-01-17,ko,354251
2018-01-17,nl,567852
2018-01-17,no,111197
2018-01-17,pl,1255106
2018-01-17,pt,1484790
2018-01-17,ro,192868
2018-01-17,ru,451920
2018-01-17,simple,84287
2018-01-17,sv,195624
2018-01-17,uk,134244
2018-01-17,zh,1624738
2018-01-18,ar,92015
2018-01-18,cs,292213
2018-01-18,da,95362
2018-01-18,de,6553790
2018-01-18,en,86473371
2018-01-18,es,4768260
2018-01-18,fi,202925
2018-01-18,fr,3559405
2018-01-18,he,83911
2018-01-18,hi,244521
2018-01-18,hu,128729
2018-01-18,id,885624
2018-01-18,it,5174558
2018-01-18,ja,13829601
2018-01-18,ko,279421
2018-01-18,nl,482727
2018-01-18,no,90395
2018-01-18,pl,1228973
2018-01-18,pt,1407750
2018-01-18,ro,216774
2018-01-18,ru,1179316
2018-01-18,simple,83654
2018-01-18,sv,194915
2018-01-18,uk,122048
2018-01-18,zh,1604485
2018-01-19,ar,120311
2018-01-19,cs,223078
2018-01-19,da,123581
2018-01-19,de,6535644
2018-01-19,en,78223390
2018-01-19,es,4178955
2018-01-19,fi,161479
2018-01-19,fr,3467225
2018-01-19,he,95624
2018-01-19,hi,236352
2018-01-19,hu,123512
2018-01-19,id,610936
2018-01-19,it,5037010
2018-01-19,ja,13313407
2018-01-19,ko,263132
2018-01-19,nl,470450
2018-01-19,no,95033
2018-01-19,pl,1044235
2018-01-19,pt,1213501
2018-01-19,ro,103281
2018-01-19,ru,377347
2018-01-19,simple,74131
2018-01-19,sv,345326
2018-01-19,uk,83420
2018-01-19,zh,1805038
2018-01-20,ar,137911
2018-01-20,cs,257839
2018-01-20,da,106125
2018-01-20,de,6747185
2018-01-20,en,74443263
2018-01-20,es,3075015
2018-01-20,fi,211703
2018-01-20,fr,4303056
2018-01-20,he,124091
2018-01-20,hi,200635
2018-01-20,hu,126677
2018-01-20,id,383420
2018-01-20,it,5141654
2018-01-20,ja,14766408
2018-01-20,ko,295768
2018-01-20,nl,536536
2018-01-20,no,130823
2018-01-20,pl,1382444
2018-01-20,pt,1417843
2018-01-20,ro,102124
2018-01-20,ru,450406
2018-01-20,simple,71037
2018-01-20,sv,368153
2018-01-20,uk,70251
2018-01-20,zh,2176972
2018-01-21,ar,157611
2018-01-21,cs,374285
2018-01-21,da,134993
2018-01-21,de,9032291
2018-01-21,en,88715009
2018-01-21,es,4092563
2018-01-21,fi,193317
2018-01-21,fr,5487588
2018-01-21,he,113661
2018-01-21,hi,214225
2018-01-21,hu,139615
2018-01-21,id,541535
2018-01-21,it,6819241
2018-01-21,ja,16912728
2018-01-21,ko,345993
2018-01-21,nl,615721
2018-01-21,no,83824
2018-01-21,pl,1613208
2018-01-21,pt,1646454
2018-01-21,ro,202902
2018-01-21,ru,469180
2018-01-21,simple,86359
2018-01-21,sv,306240
2018-01-21,uk,112982
2018-01-21,zh,2556898
2018-01-22,ar,141449
2018-01-22,cs,283109
2018-01-22,da,114737
2018-01-22,de,8476549
2018-01-22,en,89296610
2018-01-22,es,5202041
2018-01-22,fi,198108
2018-01-22,fr,4171754
2018-01-22,he,148067
2018-01-22,hi,266528
2018-01-22,hu,156012
2018-01-22,id,892580
2018-01-22,it,6251659
2018-01-22,ja,13092516
2018-01-22,ko,325616
2018-01-22,nl,523379
2018-01-22,no,65488
2018-01-22,pl,1318486
2018-01-22,pt,1667010
2018-01-22,ro,216963
2018-01-22,ru,448999
2018-01-22,simple,83764
2018-01-22,sv,369460
2018-01-22,uk,176276
2018-01-22,zh,1993751
2018-01-23,ar,123930
2018-01-23,cs,274640
2018-01-23,da,97007
2018-01-23,de,7165639
2018-01-23,en,81035950
2018-01-23,es,5593056
2018-01-23,fi,172595
2018-01-23,fr,3753524
2018-01-23,he,113627
2018-01-23,hi,292979
2018-01-23,hu,138367
2018-01-23,id,967224
2018-01-23,it,6351350
2018-01-23,ja,13032932
2018-01-23,ko,254896
2018-01-23,nl,499155
2018-01-23,no,74137
2018-01-23,pl,1287451
2018-01-23,pt,1612431
2018-01-23,ro,157875
2018-01-23,ru,388705
2018-01-23,simple,93793
2018-01-23,sv,244698
2018-01-23,uk,142144
2018-01-23,zh,1850911
2018-01-24,ar,133876
2018-01-24,cs,280758
2018-01-24,da,121249
2018-01-24,de,7157076
2018-01-24,en,78190594
2018-01-24,es,5553081
2018-01-24,fi,147507
2018-01-24,fr,4106700
2018-01-24,he,118955
2018-01-24,hi,308103
2018-01-24,hu,146334
2018-01-24,id,898450
2018-01-24,it,5743422
2018-01-24,ja,12106758
2018-01-24,ko,335271
2018-01-24,nl,542383
2018-01-24,no,84518
2018-01-24,pl,1350646
2018-01-24,pt,1573480
2018-01-24,ro,286952
2018-01-24,ru,389037
2018-01-24,simple,98304
2018-01-24,sv,225811
2018-01-24,uk,160278
2018-01-24,zh,1857972
2018-01-25,ar,105991
2018-01-25,cs,402867
2018-01-25,da,77308
2018-01-25,de,6937129
2018-01-25,en,76807660
2018-01-25,es,5350370
2018-01-25,fi,167391
2018-01-25,fr,3877958
2018-01-25,he,133909
2018-01-25,hi,363020
2018-01-25,hu,128747
2018-01-25,id,786168
2018-01-25,it,5435381
2018-01-25,ja,11874331
2018-01-25,ko,195934
2018-01-25,nl,485516
2018-01-25,no,64181
2018-01-25,pl,1137121
2018-01-25,pt,1673882
2018-01-25,ro,253340
2018-01-25,ru,590218
2018-01-25,simple,77914
2018-01-25,sv,201008
2018-01-25,uk,180470
2018-01-25,zh,2003413
2018-01-26,ar,109906
2018-01-26,cs,323622
2018-01-26,da,115397
2018-01-26,de,6206405
2018-01-26,en,75987224
2018-01-26,es,3832008
2018-01-26,fi,178951
2018-01-26,fr,4094582
2018-01-26,he,99928
2018-01-26,hi,319628
2018-01-26,hu,110163
2018-01-26,id,564970
2018-01-26,it,5103832
2018-01-26,ja,12231551
2018-01-26,ko,247846
2018-01-26,nl,476666
2018-01-26,no,75360
2018-01-26,pl,1377909
2018-01-26,pt,1390573
2018-01-26,ro,113974
2018-01-26,ru,713319
2018-01-26,simple,72699
2018-01-26,sv,342599
2018-01-26,uk,73558
2018-01-26,zh,1805402
2018-01-27,ar,124727
2018-01-27,cs,503692
2018-01-27,da,159638
2018-01-27,de,6210177
2018-01-27,en,72994403
2018-01-27,es,3207569
2018-01-27,fi,228176
2018-01-27,fr,4567729
2018-01-27,he,121588
2018-01-27,hi,229231
2018-01-27,hu,123849
2018-01-27,id,362089
2018-01-27,it,5629477
2018-01-27,ja,14318124
2018-01-27,ko,270973
2018-01-27,nl,531974
2018-01-27,no,109880
2018-01-27,pl,2739171
2018-01-27,pt,1356582
2018-01-27,ro,143679
2018-01-27,ru,632364
2018-01-27,simple,61091
2018-01-27,sv,332372
2018-01-27,uk,108164
2018-01-27,zh,1952401
2018-01-28,ar,126513
2018-01-28,cs,432130
2018-01-28,da,147991
2018-01-28,de,8822005
2018-01-28,en,85861157
2018-01-28,es,4549232
2018-01-28,fi,538348
2018-01-28,fr,5940741
2018-01-28,he,127739
2018-01-28,hi,235722
2018-01-28,hu,173285
2018-01-28,id,488758
2018-01-28,it,7211509
2018-01-28,ja,15856481
2018-01-28,ko,258261
2018-01-28,nl,672278
2018-01-28,no,91785
2018-01-28,pl,4387782
2018-01-28,pt,1750312
2018-01-28,ro,188813
2018-01-28,ru,641072
2018-01-28,simple,70087
2018-01-28,sv,508618
2018-01-28,uk,150639
2018-01-28,zh,2248877
2018-01-29,ar,117992
2018-01-29,cs,292197
2018-01-29,da,88776
2018-01-29,de,7405923
2018-01-29,en,89948971
2018-01-29,es,5671970
2018-01-29,fi,237513
2018-01-29,fr,4299297
2018-01-29,he,122782
2018-01-29,hi,286043
2018-01-29,hu,112841
2018-01-29,id,769421
2018-01-29,it,5952794
2018-01-29,ja,12662310
2018-01-29,ko,241603
2018-01-29,nl,492244
2018-01-29,no,63887
2018-01-29,pl,3089418
2018-01-29,pt,1567015
2018-01-29,ro,146530
2018-01-29,ru,462277
2018-01-29,simple,86412
2018-01-29,sv,293022
2018-01-29,uk,193208
2018-01-29,zh,1888587
2018-01-30,ar,124575
2018-01-30,cs,241593
2018-01-30,da,61671
2018-01-30,de,6523198
2018-01-30,en,76166385
2018-01-30,es,5527117
2018-01-30,fi,133725
2018-01-30,fr,3526390
2018-01-30,he,143681
2018-01-30,hi,339974
2018-01-30,hu,137927
2018-01-30,id,869424
2018-01-30,it,5555988
2018-01-30,ja,11863896
2018-01-30,ko,229429
2018-01-30,nl,519641
2018-01-30,no,58305
2018-01-30,pl,2235375
2018-01-30,pt,1530426
2018-01-30,ro,133783
2018-01-30,ru,432858
2018-01-30,simple,87700
2018-01-30,sv,192934
2018-01-30,uk,160796
2018-01-30,zh,1739510
2018-01-31,ar,118004
2018-01-31,cs,248229
2018-01-31,da,61815
2018-01-31,de,6218687
2018-01-31,en,75004722
2018-01-31,es,5482973
2018-01-31,fi,155269
2018-01-31,fr,3690634
2018-01-31,he,165976
2018-01-31,hi,423298
2018-01-31,hu,130315
2018-01-31,id,947110
2018-01-31,it,5641715
2018-01-31,ja,11793592
2018-01-31,ko,225590
2018-01-31,nl,580764
2018-01-31,no,67472
2018-01-31,pl,1827707
2018-01-31,pt,1425897
2018-01-31,ro,80586
2018-01-31,ru,446869
2018-01-31,simple,101213
2018-01-31,sv,217145
2018-01-31,uk,171305
2018-01-31,zh,1688599
2018-02-01,ar,79025
2018-02-01,cs,255665
2018-02-01,da,65446
2018-02-01,de,5700977
2018-02-01,en,72329231
2018-02-01,es,5085391
2018-02-01,fi,168386
2018-02-01,fr,3462747
2018-02-01,he,130766
2018-02-01,hi,288686
2018-02-01,hu,111314
2018-02-01,id,723631
2018-02-01,it,5415587
2018-02-01,ja,12282443
2018-02-01,ko,199349
2018-02-01,nl,490810
2018-02-01,no,68018
2018-02-01,pl,1708982
2018-02-01,pt,1355794
2018-02-01,ro,93587
2018-02-01,ru,356327
2018-02-01,simple,88664
2018-02-01,sv,231374
2018-02-01,uk,134724
2018-02-01,zh,1570175
2018-02-02,ar,116027
2018-02-02,cs,222461
2018-02-02,da,112848
2018-02-02,de,5966310
2018-02-02,en,70741291
2018-02-02,es,4420067
2018-02-02,fi,160078
2018-02-02,fr,3372370
2018-02-02,he,116862
2018-02-02,hi,243628
2018-02-02,hu,134711
2018-02-02,id,580119
2018-02-02,it,5193235
2018-02-02,ja,12470018
2018-02-02,ko,363858
2018-02-02,nl,510342
2018-02-02,no,79879
2018-02-02,pl,1448041
2018-02-02,pt,1239173
2018-02-02,ro,45634
2018-02-02,ru,347497
2018-02-02,simple,81724
2018-02-02,sv,357640
2018-02-02,uk,67657
2018-02-02,zh,1657852
2018-02-03,ar,143903
2018-02-03,cs,285939
2018-02-03,da,94147
2018-02-03,de,6224323
2018-02-03,en,70525750
2018-02-03,es,3643142
2018-02-03,fi,204207
2018-02-03,fr,4039587
2018-02-03,he,105943
2018-02-03,hi,207383
2018-02-03,hu,146765
2018-02-03,id,359253
2018-02-03,it,5304505
2018-02-03,ja,14014256
2018-02-03,ko,194357
2018-02-03,nl,536720
2018-02-03,no,114196
2018-02-03,pl,1504138
2018-02-03,pt,1496432
2018-02-03,ro,47844
2018-02-03,ru,429029
2018-02-03,simple,67861
2018-02-03,sv,551056
2018-02-03,uk,58453
2018-02-03,zh,1850785
2018-02-04,ar,160903
2018-02-04,cs,295100
2018-02-04,da,140438
2018-02-04,de,8876984
2018-02-04,en,83966032
2018-02-04,es,4699015
2018-02-04,fi,249000
2018-02-04,fr,5323404
2018-02-04,he,138793
2018-02-04,hi,225851
2018-02-04,hu,151291
2018-02-04,id,476659
2018-02-04,it,7419098
2018-02-04,ja,15417318
2018-02-04,ko,280310
2018-02-04,nl,617566
2018-02-04,no,108868
2018-02-04,pl,2062330
2018-02-04,pt,1930951
2018-02-04,ro,76891
2018-02-04,ru,528615
2018-02-04,simple,82438
2018-02-04,sv,370932
2018-02-04,uk,95888
2018-02-04,zh,1983007
2018-02-05,ar,161302
2018-02-05,cs,270803
2018-02-05,da,89527
2018-02-05,de,7643925
2018-02-05,en,93232227
2018-02-05,es,5871658
2018-02-05,fi,212416
2018-02-05,fr,4393870
2018-02-05,he,124121
2018-02-05,hi,252253
2018-02-05,hu,127053
2018-02-05,id,747971
2018-02-05,it,6151668
2018-02-05,ja,13196750
2018-02-05,ko,269550
2018-02-05,nl,556465
2018-02-05,no,67660
2018-02-05,pl,1641884
2018-02-05,pt,1758714
2018-02-05,ro,73130
2018-02-05,ru,400863
2018-02-05,simple,90022
2018-02-05,sv,258303
2018-02-05,uk,136575
2018-02-05,zh,1702864
2018-02-06,ar,165024
2018-02-06,cs,277104
2018-02-06,da,63738
2018-02-06,de,6988131
2018-02-06,en,79055100
2018-02-06,es,6218232
2018-02-06,fi,173303
2018-02-06,fr,3990834
2018-02-06,he,115411
2018-02-06,hi,314032
2018-02-06,hu,113327
2018-02-06,id,760401
2018-02-06,it,6684012
2018-02-06,ja,11462689
2018-02-06,ko,265778
2018-02-06,nl,509154
2018-02-06,no,83023
2018-02-06,pl,1458466
2018-02-06,pt,1474677
2018-02-06,ro,105096
2018-02-06,ru,407900
2018-02-06,simple,91568
2018-02-06,sv,209331
2018-02-06,uk,136972
2018-02-06,zh,1737285
2018-02-07,ar,145694
2018-02-07,cs,327407
2018-02-07,da,77798
2018-02-07,de,6199268
2018-02-07,en,74684712
2018-02-07,es,7124595
2018-02-07,fi,136014
2018-02-07,fr,3929405
2018-02-07,he,130073
2018-02-07,hi,266621
2018-02-07,hu,121097
2018-02-07,id,727765
2018-02-07,it,6701071
2018-02-07,ja,11358994
2018-02-07,ko,319182
2018-02-07,nl,486675
2018-02-07,no,72162
2018-02-07,pl,1451079
2018-02-07,pt,1445542
2018-02-07,ro,92231
2018-02-07,ru,422785
2018-02-07,simple,88084
2018-02-07,sv,217300
2018-02-07,uk,132722
2018-02-07,zh,1863548
2018-02-08,ar,112345
2018-02-08,cs,355920
2018-02-08,da,64303
2018-02-08,de,5789189
2018-02-08,en,75307311
2018-02-08,es,7063586
2018-02-08,fi,162346
2018-02-08,fr,3687986
2018-02-08,he,135128
2018-02-08,hi,263131
2018-02-08,hu,111309
2018-02-08,id,652600
2018-02-08,it,6168551
2018-02-08,ja,11229409
2018-02-08,ko,250696
2018-02-08,nl,497849
2018-02-08,no,80194
2018-02-08,pl,1387420
2018-02-08,pt,1363332
2018-02-08,ro,83046
2018-02-08,ru,391139
2018-02-08,simple,91681
2018-02-08,sv,195287
2018-02-08,uk,112072
2018-02-08,zh,1850754
2018-02-09,ar,129436
2018-02-09,cs,424641
2018-02-09,da,86797
2018-02-09,de,6004615
2018-02-09,en,71924038
2018-02-09,es,5228604
2018-02-09,fi,216140
2018-02-09,fr,3929298
2018-02-09,he,125611
2018-02-09,hi,206598
2018-02-09,hu,121119
2018-02-09,id,456078
2018-02-09,it,5744289
2018-02-09,ja,12246686
2018-02-09,ko,265638
2018-02-09,nl,635530
2018-02-09,no,148017
2018-02-09,pl,1382526
2018-02-09,pt,1124742
2018-02-09,ro,54660
2018-02-09,ru,411574
2018-02-09,simple,80305
2018-02-09,sv,446093
2018-02-09,uk,71766
2018-02-09,zh,1851598
2018-02-10,ar,146842
2018-02-10,cs,422598
2018-02-10,da,145845
2018-02-10,de,5962026
2018-02-10,en,74030911
2018-02-10,es,3656346
2018-02-10,fi,340074
2018-02-10,fr,3955074
2018-02-10,he,169062
2018-02-10,hi,189169
2018-02-10,hu,148891
2018-02-10,id,311620
2018-02-10,it,6584141
2018-02-10,ja,13560633
2018-02-10,ko,324211
2018-02-10,nl,726551
2018-02-10,no,153545
2018-02-10,pl,1511775
2018-02-10,pt,1047028
2018-02-10,ro,74507
2018-02-10,ru,439987
2018-02-10,simple,76766
2018-02-10,sv,594341
2018-02-10,uk,67582
2018-02-10,zh,1890893
2018-02-11,ar,193988
2018-02-11,cs,517329
2018-02-11,da,141029
2018-02-11,de,8527264
2018-02-11,en,85824626
2018-02-11,es,5007048
2018-02-11,fi,271329
2018-02-11,fr,5859602
2018-02-11,he,156266
2018-02-11,hi,290845
2018-02-11,hu,160779
2018-02-11,id,423007
2018-02-11,it,7559504
2018-02-11,ja,14822567
2018-02-11,ko,470235
2018-02-11,nl,1016548
2018-02-11,no,182430
2018-02-11,pl,1638080
2018-02-11,pt,1332665
2018-02-11,ro,97686
2018-02-11,ru,552461
2018-02-11,simple,84875
2018-02-11,sv,417613
2018-02-11,uk,110388
2018-02-11,zh,1987030
2018-02-12,ar,195251
2018-02-12,cs,363809
2018-02-12,da,75742
2018-02-12,de,7306592
2018-02-12,en,84681077
2018-02-12,es,5794617
2018-02-12,fi,173616
2018-02-12,fr,4749872
2018-02-12,he,149357
2018-02-12,hi,219873
2018-02-12,hu,126933
2018-02-12,id,664802
2018-02-12,it,5670789
2018-02-12,ja,16246189
2018-02-12,ko,277578
2018-02-12,nl,934702
2018-02-12,no,108804
2018-02-12,pl,1446667
2018-02-12,pt,1490453
2018-02-12,ro,82218
2018-02-12,ru,533669
2018-02-12,simple,85989
2018-02-12,sv,250390
2018-02-12,uk,125194
2018-02-12,zh,1727095
2018-02-13,ar,186811
2018-02-13,cs,353045
2018-02-13,da,67873
2018-02-13,de,6807278
2018-02-13,en,76119838
2018-02-13,es,6444590
2018-02-13,fi,159770
2018-02-13,fr,4134451
2018-02-13,he,140892
2018-02-13,hi,219184
2018-02-13,hu,149316
2018-02-13,id,721718
2018-02-13,it,6204507
2018-02-13,ja,12110580
2018-02-13,ko,311518
2018-02-13,nl,1068615
2018-02-13,no,113899
2018-02-13,pl,1346966
2018-02-13,pt,2120917
2018-02-13,ro,102074
2018-02-13,ru,478660
2018-02-13,simple,84372
2018-02-13,sv,274809
2018-02-13,uk,107176
2018-02-13,zh,1670333
2018-02-14,ar,179743
2018-02-14,cs,363486
2018-02-14,da,207494
2018-02-14,de,6765285
2018-02-14,en,73608264
2018-02-14,es,5777337
2018-02-14,fi,156866
2018-02-14,fr,3846251
2018-02-14,he,145990
2018-02-14,hi,259219
2018-02-14,hu,182294
2018-02-14,id,707424
2018-02-14,it,6046250
2018-02-14,ja,12223110
2018-02-14,ko,215193
2018-02-14,nl,1153202
2018-02-14,no,97740
2018-02-14,pl,1461627
2018-02-14,pt,2443950
2018-02-14,ro,146519
2018-02-14,ru,526244
2018-02-14,simple,107208
2018-02-14,sv,331371
2018-02-14,uk,111147
2018-02-14,zh,1579710
2018-02-15,ar,112362
2018-02-15,cs,335360
2018-02-15,da,138637
2018-02-15,de,7280933
2018-02-15,en,73354168
2018-02-15,es,5533109
2018-02-15,fi,207491
2018-02-15,fr,3770073
2018-02-15,he,134845
2018-02-15,hi,220268
2018-02-15,hu,124760
2018-02-15,id,399820
2018-02-15,it,5297422
2018-02-15,ja,11534903
2018-02-15,ko,443268
2018-02-15,nl,1091140
2018-02-15,no,177776
2018-02-15,pl,1266235
2018-02-15,pt,1804681
2018-02-15,ro,121754
2018-02-15,ru,435691
2018-02-15,simple,93739
2018-02-15,sv,277416
2018-02-15,uk,121106
2018-02-15,zh,1621294
2018-02-16,ar,156965
2018-02-16,cs,352611
2018-02-16,da,123142
2018-02-16,de,6494237
2018-02-16,en,72325152
2018-02-16,es,4751671
2018-02-16,fi,174913
2018-02-16,fr,3534223
2018-02-16,he,116160
2018-02-16,hi,258683
2018-02-16,hu,100236
2018-02-16,id,317885
2018-02-16,it,4955512
2018-02-16,ja,12556297
2018-02-16,ko,375554
2018-02-16,nl,1024477
2018-02-16,no,106835
2018-02-16,pl,1049098
2018-02-16,pt,1401690
2018-02-16,ro,147255
2018-02-16,ru,342258
2018-02-16,simple,84955
2018-02-16,sv,444446
2018-02-16,uk,60618
2018-02-16,zh,1942693
2018-02-17,ar,161026
2018-02-17,cs,489269
2018-02-17,da,143544
2018-02-17,de,6343071
2018-02-17,en,72694481
2018-02-17,es,3455813
2018-02-17,fi,258370
2018-02-17,fr,3789353
2018-02-17,he,136642
2018-02-17,hi,194182
2018-02-17,hu,135504
2018-02-17,id,351630
2018-02-17,it,5142396
2018-02-17,ja,15546602
2018-02-17,ko,386288
2018-02-17,nl,632999
2018-02-17,no,182077
2018-02-17,pl,1598500
2018-02-17,pt,1521195
2018-02-17,ro,54883
2018-02-17,ru,414783
2018-02-17,simple,103647
2018-02-17,sv,494152
2018-02-17,uk,60692
2018-02-17,zh,2036076
2018-02-18,ar,227181
2018-02-18,cs,460665
2018-02-18,da,94200
2018-02-18,de,8151883
2018-02-18,en,81716819
2018-02-18,es,4899717
2018-02-18,fi,247440
2018-02-18,fr,5271324
2018-02-18,he,137191
2018-02-18,hi,214909
2018-02-18,hu,162136
2018-02-18,id,471344
2018-02-18,it,6760374
2018-02-18,ja,15750519
2018-02-18,ko,384259
2018-02-18,nl,760169
2018-02-18,no,214990
2018-02-18,pl,1897006
2018-02-18,pt,1990462
2018-02-18,ro,96497
2018-02-18,ru,450606
2018-02-18,simple,117056
2018-02-18,sv,396898
2018-02-18,uk,97947
2018-02-18,zh,2256273
2018-02-19,ar,170137
2018-02-19,cs,321500
2018-02-19,da,93972
2018-02-19,de,7242362
2018-02-19,en,85079110
2018-02-19,es,6743204
2018-02-19,fi,157948
2018-02-19,fr,4711632
2018-02-19,he,132834
2018-02-19,hi,200022
2018-02-19,hu,175494
2018-02-19,id,733507
2018-02-19,it,5621924
2018-02-19,ja,12556788
2018-02-19,ko,435109
2018-02-19,nl,747781
2018-02-19,no,128516
2018-02-19,pl,1767012
2018-02-19,pt,1936394
2018-02-19,ro,309926
2018-02-19,ru,452620
2018-02-19,simple,91720
2018-02-19,sv,231172
2018-02-19,uk,137401
2018-02-19,zh,2467956
2018-02-20,ar,150441
2018-02-20,cs,281145
2018-02-20,da,143102
2018-02-20,de,6796109
2018-02-20,en,79051184
2018-02-20,es,6790918
2018-02-20,fi,175081
2018-02-20,fr,4401355
2018-02-20,he,144505
2018-02-20,hi,205237
2018-02-20,hu,134371
2018-02-20,id,744105
2018-02-20,it,5376508
2018-02-20,ja,11599821
2018-02-20,ko,469353
2018-02-20,nl,636442
2018-02-20,no,75223
2018-02-20,pl,1395492
2018-02-20,pt,2064067
2018-02-20,ro,187411
2018-02-20,ru,417966
2018-02-20,simple,95267
2018-02-20,sv,202653
2018-02-20,uk,130164
2018-02-20,zh,2536107
2018-02-21,ar,151989
2018-02-21,cs,336001
2018-02-21,da,79796
2018-02-21,de,6394400
2018-02-21,en,76965493
2018-02-21,es,6932825
2018-02-21,fi,198177
2018-02-21,fr,3788703
2018-02-21,he,133869
2018-02-21,hi,211275
2018-02-21,hu,124129
2018-02-21,id,753397
2018-02-21,it,5244004
2018-02-21,ja,14238282
2018-02-21,ko,391509
2018-02-21,nl,713633
2018-02-21,no,150493
2018-02-21,pl,1658914
2018-02-21,pt,2194094
2018-02-21,ro,115594
2018-02-21,ru,439856
2018-02-21,simple,94185
2018-02-21,sv,252551
2018-02-21,uk,123953
2018-02-21,zh,2017164
2018-02-22,ar,122402
2018-02-22,cs,270569
2018-02-22,da,61806
2018-02-22,de,6725524
2018-02-22,en,74770084
2018-02-22,es,6242853
2018-02-22,fi,159859
2018-02-22,fr,3344652
2018-02-22,he,115703
2018-02-22,hi,250237
2018-02-22,hu,202388
2018-02-22,id,678799
2018-02-22,it,5086083
2018-02-22,ja,11876617
2018-02-22,ko,321773
2018-02-22,nl,679264
2018-02-22,no,66286
2018-02-22,pl,1297346
2018-02-22,pt,2136702
2018-02-22,ro,112897
2018-02-22,ru,399785
2018-02-22,simple,97863
2018-02-22,sv,270619
2018-02-22,uk,114904
2018-02-22,zh,1985102
2018-02-23,ar,159882
2018-02-23,cs,345835
2018-02-23,da,67244
2018-02-23,de,6494259
2018-02-23,en,73002080
2018-02-23,es,4508758
2018-02-23,fi,175325
2018-02-23,fr,3217038
2018-02-23,he,110988
2018-02-23,hi,186432
2018-02-23,hu,141237
2018-02-23,id,437851
2018-02-23,it,5150453
2018-02-23,ja,12008977
2018-02-23,ko,434268
2018-02-23,nl,876702
2018-02-23,no,107440
2018-02-23,pl,1155825
2018-02-23,pt,1582298
2018-02-23,ro,70221
2018-02-23,ru,502603
2018-02-23,simple,90596
2018-02-23,sv,329398
2018-02-23,uk,72664
2018-02-23,zh,2003183
2018-02-24,ar,123704
2018-02-24,cs,454182
2018-02-24,da,88278
2018-02-24,de,6157082
2018-02-24,en,69727821
2018-02-24,es,3527318
2018-02-24,fi,425610
2018-02-24,fr,3761045
2018-02-24,he,125148
2018-02-24,hi,150911
2018-02-24,hu,148843
2018-02-24,id,286149
2018-02-24,it,5147488
2018-02-24,ja,13212582
2018-02-24,ko,466095
2018-02-24,nl,861061
2018-02-24,no,116159
2018-02-24,pl,1586724
2018-02-24,pt,1670676
2018-02-24,ro,68766
2018-02-24,ru,450880
2018-02-24,simple,79110
2018-02-24,sv,456785
2018-02-24,uk,65733
2018-02-24,zh,2331246
2018-02-25,ar,161874
2018-02-25,cs,583033
2018-02-25,da,85010
2018-02-25,de,9443799
2018-02-25,en,87561967
2018-02-25,es,4741483
2018-02-25,fi,461122
2018-02-25,fr,4856306
2018-02-25,he,125075
2018-02-25,hi,224473
2018-02-25,hu,179233
2018-02-25,id,396163
2018-02-25,it,6920356
2018-02-25,ja,15409151
2018-02-25,ko,453057
2018-02-25,nl,731868
2018-02-25,no,165087
2018-02-25,pl,1966938
2018-02-25,pt,2159404
2018-02-25,ro,84651
2018-02-25,ru,578161
2018-02-25,simple,85364
2018-02-25,sv,513185
2018-02-25,uk,108792
2018-02-25,zh,2420576
2018-02-26,ar,144465
2018-02-26,cs,343078
2018-02-26,da,71494
2018-02-26,de,7218436
2018-02-26,en,86356687
2018-02-26,es,5916505
2018-02-26,fi,131884
2018-02-26,fr,3743288
2018-02-26,he,102836
2018-02-26,hi,211729
2018-02-26,hu,132193
2018-02-26,id,668929
2018-02-26,it,5124094
2018-02-26,ja,12689558
2018-02-26,ko,331515
2018-02-26,nl,598050
2018-02-26,no,45260
2018-02-26,pl,1813388
2018-02-26,pt,2161399
2018-02-26,ro,84838
2018-02-26,ru,370805
2018-02-26,simple,91468
2018-02-26,sv,178858
2018-02-26,uk,120905
2018-02-26,zh,1853775
2018-02-27,ar,149377
2018-02-27,cs,308784
2018-02-27,da,59776
2018-02-27,de,6572279
2018-02-27,en,76587748
2018-02-27,es,6476333
2018-02-27,fi,120334
2018-02-27,fr,3317167
2018-02-27,he,91671
2018-02-27,hi,220709
2018-02-27,hu,111529
2018-02-27,id,753598
2018-02-27,it,5037297
2018-02-27,ja,11217253
2018-02-27,ko,311696
2018-02-27,nl,530559
2018-02-27,no,33905
2018-02-27,pl,1457033
2018-02-27,pt,2189695
2018-02-27,ro,78305
2018-02-27,ru,351899
2018-02-27,simple,94628
2018-02-27,sv,149473
2018-02-27,uk,101798
2018-02-27,zh,1786364
2018-02-28,ar,143008
2018-02-28,cs,251509
2018-02-28,da,69964
2018-02-28,de,5790146
2018-02-28,en,73561752
2018-02-28,es,6838081
2018-02-28,fi,132358
2018-02-28,fr,3302340
2018-02-28,he,100239
2018-02-28,hi,183463
2018-02-28,hu,105515
2018-02-28,id,775854
2018-02-28,it,4483182
2018-02-28,ja,10839673
2018-02-28,ko,332602
2018-02-28,nl,540042
2018-02-28,no,33033
2018-02-28,pl,1324248
2018-02-28,pt,2114070
2018-02-28,ro,85134
2018-02-28,ru,323570
2018-02-28,simple,83073
2018-02-28,sv,241949
2018-02-28,uk,109397
2018-02-28,zh,2294605
2018-03-01,ar,123308
2018-03-01,cs,224339
2018-03-01,da,60810
2018-03-01,de,5526840
2018-03-01,en,72983052
2018-03-01,es,6090742
2018-03-01,fi,144561
2018-03-01,fr,3419607
2018-03-01,he,104170
2018-03-01,hi,133639
2018-03-01,hu,116616
2018-03-01,id,767638
2018-03-01,it,5326362
2018-03-01,ja,10677433
2018-03-01,ko,296715
2018-03-01,nl,411710
2018-03-01,no,30416
2018-03-01,pl,1386058
2018-03-01,pt,2076325
2018-03-01,ro,109129
2018-03-01,ru,420204
2018-03-01,simple,97188
2018-03-01,sv,129581
2018-03-01,uk,127771
2018-03-01,zh,1786937
2018-03-02,ar,136148
2018-03-02,cs,257473
2018-03-02,da,81050
2018-03-02,de,5277553
2018-03-02,en,69809260
2018-03-02,es,4721926
2018-03-02,fi,106817
2018-03-02,fr,3805427
2018-03-02,he,97206
2018-03-02,hi,140685
2018-03-02,hu,120106
2018-03-02,id,508193
2018-03-02,it,4808770
2018-03-02,ja,11319370
2018-03-02,ko,195745
2018-03-02,nl,425301
2018-03-02,no,62554
2018-03-02,pl,1070626
2018-03-02,pt,1561424
2018-03-02,ro,72990
2018-03-02,ru,332159
2018-03-02,simple,73262
2018-03-02,sv,289737
2018-03-02,uk,49740
2018-03-02,zh,1800731
2018-03-03,ar,113405
2018-03-03,cs,325762
2018-03-03,da,80329
2018-03-03,de,5402274
2018-03-03,en,69239123
2018-03-03,es,3552838
2018-03-03,fi,138909
2018-03-03,fr,4210632
2018-03-03,he,92262
2018-03-03,hi,143642
2018-03-03,hu,131745
2018-03-03,id,365936
2018-03-03,it,5168206
2018-03-03,ja,13843086
2018-03-03,ko,216647
2018-03-03,nl,516051
2018-03-03,no,65541
2018-03-03,pl,1389905
2018-03-03,pt,1447111
2018-03-03,ro,72223
2018-03-03,ru,410686
2018-03-03,simple,62395
2018-03-03,sv,398544
2018-03-03,uk,42577
2018-03-03,zh,2294990
2018-03-04,ar,160181
2018-03-04,cs,350032
2018-03-04,da,78105
2018-03-04,de,8208120
2018-03-04,en,82559183
2018-03-04,es,5114371
2018-03-04,fi,179920
2018-03-04,fr,5527506
2018-03-04,he,123625
2018-03-04,hi,183530
2018-03-04,hu,202791
2018-03-04,id,553961
2018-03-04,it,7709505
2018-03-04,ja,13550643
2018-03-04,ko,286911
2018-03-04,nl,590161
2018-03-04,no,63939
2018-03-04,pl,1832164
2018-03-04,pt,2524899
2018-03-04,ro,146072
2018-03-04,ru,465270
2018-03-04,simple,76327
2018-03-04,sv,374283
2018-03-04,uk,84548
2018-03-04,zh,2538315
2018-03-05,ar,147714
2018-03-05,cs,258682
2018-03-05,da,90376
2018-03-05,de,7495437
2018-03-05,en,94774413
2018-03-05,es,7997775
2018-03-05,fi,162150
2018-03-05,fr,4428412
2018-03-05,he,134604
2018-03-05,hi,225249
2018-03-05,hu,170125
2018-03-05,id,844152
2018-03-05,it,7282409
2018-03-05,ja,12542488
2018-03-05,ko,245444
2018-03-05,nl,548581
2018-03-05,no,44214
2018-03-05,pl,1530651
2018-03-05,pt,2926032
2018-03-05,ro,125639
2018-03-05,ru,453001
2018-03-05,simple,86404
2018-03-05,sv,257155
2018-03-05,uk,123167
2018-03-05,zh,2136523
2018-03-06,ar,130633
2018-03-06,cs,275267
2018-03-06,da,65972
2018-03-06,de,6189859
2018-03-06,en,75792351
2018-03-06,es,7094826
2018-03-06,fi,112727
2018-03-06,fr,3633201
2018-03-06,he,154509
2018-03-06,hi,240663
2018-03-06,hu,133390
2018-03-06,id,916550
2018-03-06,it,6170576
2018-03-06,ja,11871336
2018-03-06,ko,263281
2018-03-06,nl,470961
2018-03-06,no,43150
2018-03-06,pl,1491674
2018-03-06,pt,2674644
2018-03-06,ro,106727
2018-03-06,ru,347141
2018-03-06,simple,86488
2018-03-06,sv,214557
2018-03-06,uk,101202
2018-03-06,zh,1745346
2018-03-07,ar,137271
2018-03-07,cs,246640
2018-03-07,da,93076
2018-03-07,de,6127831
2018-03-07,en,73629502
2018-03-07,es,6813928
2018-03-07,fi,97460
2018-03-07,fr,3622894
2018-03-07,he,127995
2018-03-07,hi,242261
2018-03-07,hu,116806
2018-03-07,id,932380
2018-03-07,it,6224130
2018-03-07,ja,11247226
2018-03-07,ko,266483
2018-03-07,nl,529438
2018-03-07,no,46065
2018-03-07,pl,1341313
2018-03-07,pt,2332960
2018-03-07,ro,92986
2018-03-07,ru,325018
2018-03-07,simple,85255
2018-03-07,sv,173205
2018-03-07,uk,53801
2018-03-07,zh,1831455
2018-03-08,ar,140791
2018-03-08,cs,271534
2018-03-08,da,88842
2018-03-08,de,6315629
2018-03-08,en,73792472
2018-03-08,es,6754367
2018-03-08,fi,127196
2018-03-08,fr,3518360
2018-03-08,he,134634
2018-03-08,hi,250091
2018-03-08,hu,126406
2018-03-08,id,846350
2018-03-08,it,5187846
2018-03-08,ja,11910584
2018-03-08,ko,274384
2018-03-08,nl,469149
2018-03-08,no,70235
2018-03-08,pl,1225194
2018-03-08,pt,2336459
2018-03-08,ro,119213
2018-03-08,ru,523933
2018-03-08,simple,87295
2018-03-08,sv,243968
2018-03-08,uk,86926
2018-03-08,zh,1831033
2018-03-09,ar,126376
2018-03-09,cs,207015
2018-03-09,da,75673
2018-03-09,de,6301194
2018-03-09,en,68617502
2018-03-09,es,4845994
2018-03-09,fi,143849
2018-03-09,fr,4023602
2018-03-09,he,116996
2018-03-09,hi,183133
2018-03-09,hu,102361
2018-03-09,id,549520
2018-03-09,it,4263771
2018-03-09,ja,12016098
2018-03-09,ko,470838
2018-03-09,nl,455959
2018-03-09,no,98491
2018-03-09,pl,951165
2018-03-09,pt,1643141
2018-03-09,ro,75884
2018-03-09,ru,472553
2018-03-09,simple,81690
2018-03-09,sv,295333
2018-03-09,uk,94698
2018-03-09,zh,1750634
2018-03-10,ar,104192
2018-03-10,cs,243267
2018-03-10,da,83762
2018-03-10,de,5602508
2018-03-10,en,66710665
2018-03-10,es,3211534
2018-03-10,fi,161138
2018-03-10,fr,3772792
2018-03-10,he,109528
2018-03-10,hi,164531
2018-03-10,hu,106683
2018-03-10,id,366536
2018-03-10,it,4623907
2018-03-10,ja,12655123
2018-03-10,ko,257681
2018-03-10,nl,493074
2018-03-10,no,105981
2018-03-10,pl,1127502
2018-03-10,pt,1343372
2018-03-10,ro,59167
2018-03-10,ru,504880
2018-03-10,simple,65651
2018-03-10,sv,634714
2018-03-10,uk,88323
2018-03-10,zh,1958462
2018-03-11,ar,129292
2018-03-11,cs,267441
2018-03-11,da,73422
2018-03-11,de,7216401
2018-03-11,en,80359427
2018-03-11,es,5226509
2018-03-11,fi,172081
2018-03-11,fr,5428801
2018-03-11,he,104220
2018-03-11,hi,222311
2018-03-11,hu,137985
2018-03-11,id,460248
2018-03-11,it,6260536
2018-03-11,ja,13885618
2018-03-11,ko,247599
2018-03-11,nl,596136
2018-03-11,no,71334
2018-03-11,pl,1476884
2018-03-11,pt,2265885
2018-03-11,ro,72981
2018-03-11,ru,575316
2018-03-11,simple,76834
2018-03-11,sv,361371
2018-03-11,uk,115295
2018-03-11,zh,2228526
2018-03-12,ar,118209
2018-03-12,cs,239649
2018-03-12,da,76289
2018-03-12,de,6690120
2018-03-12,en,81169428
2018-03-12,es,6226071
2018-03-12,fi,140735
2018-03-12,fr,4274074
2018-03-12,he,124862
2018-03-12,hi,181763
2018-03-12,hu,115272
2018-03-12,id,763650
2018-03-12,it,4727562
2018-03-12,ja,11766295
2018-03-12,ko,209353
2018-03-12,nl,484924
2018-03-12,no,42801
2018-03-12,pl,1345076
2018-03-12,pt,2259916
2018-03-12,ro,108347
2018-03-12,ru,551776
2018-03-12,simple,83135
2018-03-12,sv,241750
2018-03-12,uk,168626
2018-03-12,zh,1760369
2018-03-13,ar,120051
2018-03-13,cs,196456
2018-03-13,da,64545
2018-03-13,de,6337005
2018-03-13,en,75699183
2018-03-13,es,6588689
2018-03-13,fi,126922
2018-03-13,fr,3833487
2018-03-13,he,161054
2018-03-13,hi,218548
2018-03-13,hu,136580
2018-03-13,id,782588
2018-03-13,it,4883003
2018-03-13,ja,10742341
2018-03-13,ko,186384
2018-03-13,nl,503857
2018-03-13,no,39549
2018-03-13,pl,1352032
2018-03-13,pt,2319987
2018-03-13,ro,119382
2018-03-13,ru,453285
2018-03-13,simple,84895
2018-03-13,sv,207735
2018-03-13,uk,204864
2018-03-13,zh,1800423
2018-03-14,ar,260408
2018-03-14,cs,299204
2018-03-14,da,104321
2018-03-14,de,7693607
2018-03-14,en,83716017
2018-03-14,es,9036847
2018-03-14,fi,177172
2018-03-14,fr,4639730
2018-03-14,he,180602
2018-03-14,hi,254004
2018-03-14,hu,222860
2018-03-14,id,1082276
2018-03-14,it,6016658
2018-03-14,ja,11913708
2018-03-14,ko,228286
2018-03-14,nl,606449
2018-03-14,no,87205
2018-03-14,pl,1947331
2018-03-14,pt,3180379
2018-03-14,ro,216498
2018-03-14,ru,690946
2018-03-14,simple,85977
2018-03-14,sv,296176
2018-03-14,uk,244219
2018-03-14,zh,2528824
2018-03-15,ar,170990
2018-03-15,cs,344022
2018-03-15,da,76670
2018-03-15,de,6145591
2018-03-15,en,74052451
2018-03-15,es,6842488
2018-03-15,fi,141118
2018-03-15,fr,3758920
2018-03-15,he,133182
2018-03-15,hi,247713
2018-03-15,hu,250789
2018-03-15,id,785333
2018-03-15,it,4978350
2018-03-15,ja,10917443
2018-03-15,ko,216729
2018-03-15,nl,450764
2018-03-15,no,55208
2018-03-15,pl,1431686
2018-03-15,pt,2411399
2018-03-15,ro,122179
2018-03-15,ru,491605
2018-03-15,simple,75642
2018-03-15,sv,201660
2018-03-15,uk,184318
2018-03-15,zh,1837854
2018-03-16,ar,144415
2018-03-16,cs,228896
2018-03-16,da,75483
2018-03-16,de,6500979
2018-03-16,en,68758289
2018-03-16,es,4769627
2018-03-16,fi,114578
2018-03-16,fr,3162180
2018-03-16,he,109028
2018-03-16,hi,218332
2018-03-16,hu,158166
2018-03-16,id,449875
2018-03-16,it,4588194
2018-03-16,ja,13495237
2018-03-16,ko,191990
2018-03-16,nl,483476
2018-03-16,no,74737
2018-03-16,pl,1092465
2018-03-16,pt,1829546
2018-03-16,ro,68076
2018-03-16,ru,395438
2018-03-16,simple,64850
2018-03-16,sv,240650
2018-03-16,uk,91693
2018-03-16,zh,1857087
2018-03-17,ar,97348
2018-03-17,cs,267411
2018-03-17,da,80848
2018-03-17,de,6589223
2018-03-17,en,69533978
2018-03-17,es,3479676
2018-03-17,fi,140663
2018-03-17,fr,3937976
2018-03-17,he,113841
2018-03-17,hi,192545
2018-03-17,hu,153073
2018-03-17,id,276740
2018-03-17,it,5602578
2018-03-17,ja,13228147
2018-03-17,ko,211739
2018-03-17,nl,560554
2018-03-17,no,62879
2018-03-17,pl,1247418
2018-03-17,pt,1602930
2018-03-17,ro,67936
2018-03-17,ru,478304
2018-03-17,simple,49804
2018-03-17,sv,400002
2018-03-17,uk,80329
2018-03-17,zh,2481130
2018-03-18,ar,112006
2018-03-18,cs,386854
2018-03-18,da,74490
2018-03-18,de,8176465
2018-03-18,en,77275289
2018-03-18,es,4500162
2018-03-18,fi,152111
2018-03-18,fr,5501900
2018-03-18,he,134756
2018-03-18,hi,184492
2018-03-18,hu,184274
2018-03-18,id,501209
2018-03-18,it,6873818
2018-03-18,ja,13520704
2018-03-18,ko,392047
2018-03-18,nl,533218
2018-03-18,no,53561
2018-03-18,pl,1884959
2018-03-18,pt,2185664
2018-03-18,ro,150084
2018-03-18,ru,629853
2018-03-18,simple,58591
2018-03-18,sv,312885
2018-03-18,uk,131480
2018-03-18,zh,2840307
2018-03-19,ar,105396
2018-03-19,cs,258528
2018-03-19,da,71889
2018-03-19,de,6445396
2018-03-19,en,76181332
2018-03-19,es,5328736
2018-03-19,fi,236438
2018-03-19,fr,3925006
2018-03-19,he,124206
2018-03-19,hi,197279
2018-03-19,hu,137359
2018-03-19,id,807707
2018-03-19,it,4695074
2018-03-19,ja,12091626
2018-03-19,ko,214830
2018-03-19,nl,435481
2018-03-19,no,70557
2018-03-19,pl,1493841
2018-03-19,pt,2416870
2018-03-19,ro,191522
2018-03-19,ru,563149
2018-03-19,simple,66771
2018-03-19,sv,199600
2018-03-19,uk,174662
2018-03-19,zh,1916613
2018-03-20,ar,131084
2018-03-20,cs,239490
2018-03-20,da,62120
2018-03-20,de,6089849
2018-03-20,en,70964228
2018-03-20,es,5721628
2018-03-20,fi,165199
2018-03-20,fr,3508864
2018-03-20,he,126643
2018-03-20,hi,211274
2018-03-20,hu,135711
2018-03-20,id,897173
2018-03-20,it,4879943
2018-03-20,ja,12103909
2018-03-20,ko,273557
2018-03-20,nl,461853
2018-03-20,no,94461
2018-03-20,pl,1311654
2018-03-20,pt,2430832
2018-03-20,ro,199716
2018-03-20,ru,418373
2018-03-20,simple,70774
2018-03-20,sv,230283
2018-03-20,uk,166873
2018-03-20,zh,1781360
2018-03-21,ar,148264
2018-03-21,cs,235735
2018-03-21,da,56289
2018-03-21,de,5806586
2018-03-21,en,72514470
2018-03-21,es,6216859
2018-03-21,fi,116612
2018-03-21,fr,3378280
2018-03-21,he,109179
2018-03-21,hi,207273
2018-03-21,hu,129690
2018-03-21,id,926150
2018-03-21,it,5604687
2018-03-21,ja,15330268
2018-03-21,ko,227525
2018-03-21,nl,502758
2018-03-21,no,45927
2018-03-21,pl,1272078
2018-03-21,pt,2237945
2018-03-21,ro,141768
2018-03-21,ru,345661
2018-03-21,simple,71705
2018-03-21,sv,173567
2018-03-21,uk,164039
2018-03-21,zh,1538865
2018-03-22,ar,92989
2018-03-22,cs,218071
2018-03-22,da,64392
2018-03-22,de,5558366
2018-03-22,en,71568979
2018-03-22,es,5351241
2018-03-22,fi,117995
2018-03-22,fr,3276102
2018-03-22,he,99362
2018-03-22,hi,229184
2018-03-22,hu,109091
2018-03-22,id,823864
2018-03-22,it,4922426
2018-03-22,ja,12543948
2018-03-22,ko,248446
2018-03-22,nl,469770
2018-03-22,no,41583
2018-03-22,pl,1122585
2018-03-22,pt,2365966
2018-03-22,ro,110997
2018-03-22,ru,344069
2018-03-22,simple,74369
2018-03-22,sv,181613
2018-03-22,uk,147652
2018-03-22,zh,1475605
2018-03-23,ar,116850
2018-03-23,cs,205895
2018-03-23,da,78975
2018-03-23,de,5595550
2018-03-23,en,67306258
2018-03-23,es,3920860
2018-03-23,fi,177914
2018-03-23,fr,3510519
2018-03-23,he,112272
2018-03-23,hi,218311
2018-03-23,hu,120656
2018-03-23,id,1136025
2018-03-23,it,4282734
2018-03-23,ja,11826091
2018-03-23,ko,245345
2018-03-23,nl,509087
2018-03-23,no,97793
2018-03-23,pl,1084373
2018-03-23,pt,1990856
2018-03-23,ro,60927
2018-03-23,ru,322523
2018-03-23,simple,63044
2018-03-23,sv,350927
2018-03-23,uk,72779
2018-03-23,zh,1478271
2018-03-24,ar,156456
2018-03-24,cs,180623
2018-03-24,da,77001
2018-03-24,de,4958522
2018-03-24,en,65761911
2018-03-24,es,2970896
2018-03-24,fi,237465
2018-03-24,fr,3303414
2018-03-24,he,115986
2018-03-24,hi,164617
2018-03-24,hu,139718
2018-03-24,id,346015
2018-03-24,it,5230605
2018-03-24,ja,12193240
2018-03-24,ko,226164
2018-03-24,nl,436592
2018-03-24,no,56498
2018-03-24,pl,1000977
2018-03-24,pt,1654466
2018-03-24,ro,75420
2018-03-24,ru,367597
2018-03-24,simple,53490
2018-03-24,sv,296441
2018-03-24,uk,64545
2018-03-24,zh,1920477
2018-03-25,ar,114395
2018-03-25,cs,256354
2018-03-25,da,88666
2018-03-25,de,6251158
2018-03-25,en,75122787
2018-03-25,es,3446084
2018-03-25,fi,177239
2018-03-25,fr,4538873
2018-03-25,he,108295
2018-03-25,hi,137856
2018-03-25,hu,156282
2018-03-25,id,415955
2018-03-25,it,5378887
2018-03-25,ja,12834949
2018-03-25,ko,294202
2018-03-25,nl,442706
2018-03-25,no,55689
2018-03-25,pl,1514202
2018-03-25,pt,2655034
2018-03-25,ro,103252
2018-03-25,ru,387090
2018-03-25,simple,60556
2018-03-25,sv,239716
2018-03-25,uk,54465
2018-03-25,zh,2106321
2018-03-26,ar,103821
2018-03-26,cs,209681
2018-03-26,da,65127
2018-03-26,de,5447995
2018-03-26,en,76287787
2018-03-26,es,3335282
2018-03-26,fi,130688
2018-03-26,fr,3913717
2018-03-26,he,91303
2018-03-26,hi,190174
2018-03-26,hu,101332
2018-03-26,id,720134
2018-03-26,it,5974030
2018-03-26,ja,11462519
2018-03-26,ko,237178
2018-03-26,nl,548233
2018-03-26,no,102896
2018-03-26,pl,1181156
2018-03-26,pt,2461489
2018-03-26,ro,113885
2018-03-26,ru,467155
2018-03-26,simple,68830
2018-03-26,sv,239817
2018-03-26,uk,79006
2018-03-26,zh,1735510
2018-03-27,ar,96006
2018-03-27,cs,185827
2018-03-27,da,75486
2018-03-27,de,5417399
2018-03-27,en,72119458
2018-03-27,es,3459145
2018-03-27,fi,121081
2018-03-27,fr,3684129
2018-03-27,he,77637
2018-03-27,hi,158001
2018-03-27,hu,125140
2018-03-27,id,700038
2018-03-27,it,4490927
2018-03-27,ja,11197250
2018-03-27,ko,196409
2018-03-27,nl,454727
2018-03-27,no,143118
2018-03-27,pl,1259777
2018-03-27,pt,2591718
2018-03-27,ro,102922
2018-03-27,ru,441569
2018-03-27,simple,72005
2018-03-27,sv,190156
2018-03-27,uk,74035
2018-03-27,zh,1561293
2018-03-28,ar,98673
2018-03-28,cs,191289
2018-03-28,da,88084
2018-03-28,de,5267915
2018-03-28,en,69956115
2018-03-28,es,2965384
2018-03-28,fi,88965
2018-03-28,fr,3705017
2018-03-28,he,89980
2018-03-28,hi,141023
2018-03-28,hu,103575
2018-03-28,id,616621
2018-03-28,it,4194351
2018-03-28,ja,10703970
2018-03-28,ko,172223
2018-03-28,nl,415643
2018-03-28,no,85581
2018-03-28,pl,812177
2018-03-28,pt,2328149
2018-03-28,ro,68207
2018-03-28,ru,382995
2018-03-28,simple,69392
2018-03-28,sv,639203
2018-03-28,uk,74131
2018-03-28,zh,1768912
2018-03-29,ar,90050
2018-03-29,cs,176338
2018-03-29,da,158930
2018-03-29,de,5684800
2018-03-29,en,67576006
2018-03-29,es,2772125
2018-03-29,fi,106983
2018-03-29,fr,3196876
2018-03-29,he,101913
2018-03-29,hi,152783
2018-03-29,hu,114693
2018-03-29,id,453258
2018-03-29,it,4360872
2018-03-29,ja,10541533
2018-03-29,ko,180775
2018-03-29,nl,602356
2018-03-29,no,118086
2018-03-29,pl,858325
2018-03-29,pt,1601477
2018-03-29,ro,47905
2018-03-29,ru,329609
2018-03-29,simple,60944
2018-03-29,sv,200088
2018-03-29,uk,69855
2018-03-29,zh,1741060
2018-03-30,ar,133866
2018-03-30,cs,252158
2018-03-30,da,110453
2018-03-30,de,7811963
2018-03-30,en,68042431
2018-03-30,es,3589938
2018-03-30,fi,172439
2018-03-30,fr,3240851
2018-03-30,he,132043
2018-03-30,hi,157726
2018-03-30,hu,180554
2018-03-30,id,330856
2018-03-30,it,3906417
2018-03-30,ja,12103117
2018-03-30,ko,159583
2018-03-30,nl,571217
2018-03-30,no,226924
2018-03-30,pl,765445
2018-03-30,pt,1757206
2018-03-30,ro,28643
2018-03-30,ru,320194
2018-03-30,simple,59769
2018-03-30,sv,370882
2018-03-30,uk,44368
2018-03-30,zh,1612623
2018-03-31,ar,94315
2018-03-31,cs,218936
2018-03-31,da,119715
2018-03-31,de,5604949
2018-03-31,en,67795273
2018-03-31,es,3526080
2018-03-31,fi,175293
2018-03-31,fr,3352261
2018-03-31,he,97937
2018-03-31,hi,154825
2018-03-31,hu,133344
2018-03-31,id,297655
2018-03-31,it,4514108
2018-03-31,ja,12243322
2018-03-31,ko,200743
2018-03-31,nl,523916
2018-03-31,no,110968
2018-03-31,pl,1239923
2018-03-31,pt,1867095
2018-03-31,ro,36948
2018-03-31,ru,660207
2018-03-31,simple,64568
2018-03-31,sv,341283
2018-03-31,uk,41685
2018-03-31,zh,1833715
2018-04-01,ar,137546
2018-04-01,cs,237919
2018-04-01,da,146432
2018-04-01,de,8249901
2018-04-01,en,74403652
2018-04-01,es,3963498
2018-04-01,fi,194046
2018-04-01,fr,4616304
2018-04-01,he,118468
2018-04-01,hi,142440
2018-04-01,hu,189552
2018-04-01,id,450065
2018-04-01,it,4918956
2018-04-01,ja,12987658
2018-04-01,ko,290534
2018-04-01,nl,724451
2018-04-01,no,105374
2018-04-01,pl,1877016
2018-04-01,pt,2322570
2018-04-01,ro,64750
2018-04-01,ru,945439
2018-04-01,simple,76465
2018-04-01,sv,334811
2018-04-01,uk,63090
2018-04-01,zh,2154335
2018-04-02,ar,130656
2018-04-02,cs,297038
2018-04-02,da,109755
2018-04-02,de,7701717
2018-04-02,en,81348615
2018-04-02,es,4198438
2018-04-02,fi,206998
2018-04-02,fr,4645672
2018-04-02,he,96610
2018-04-02,hi,186330
2018-04-02,hu,151554
2018-04-02,id,609482
2018-04-02,it,4412813
2018-04-02,ja,11308504
2018-04-02,ko,182216
2018-04-02,nl,547975
2018-04-02,no,50745
2018-04-02,pl,1615431
2018-04-02,pt,2389273
2018-04-02,ro,79449
2018-04-02,ru,311121
2018-04-02,simple,78680
2018-04-02,sv,257994
2018-04-02,uk,97876
2018-04-02,zh,1680866
2018-04-03,ar,146053
2018-04-03,cs,184838
2018-04-03,da,74444
2018-04-03,de,5517809
2018-04-03,en,75333150
2018-04-03,es,4345250
2018-04-03,fi,136093
2018-04-03,fr,3435748
2018-04-03,he,106645
2018-04-03,hi,206996
2018-04-03,hu,118698
2018-04-03,id,828821
2018-04-03,it,5155734
2018-04-03,ja,10782090
2018-04-03,ko,281223
2018-04-03,nl,415268
2018-04-03,no,62137
2018-04-03,pl,1031716
2018-04-03,pt,2494252
2018-04-03,ro,42058
2018-04-03,ru,315775
2018-04-03,simple,76802
2018-04-03,sv,306085
2018-04-03,uk,110874
2018-04-03,zh,1673254
2018-04-04,ar,126407
2018-04-04,cs,160083
2018-04-04,da,80205
2018-04-04,de,5201491
2018-04-04,en,72168405
2018-04-04,es,4551134
2018-04-04,fi,93036
2018-04-04,fr,3366787
2018-04-04,he,108455
2018-04-04,hi,198833
2018-04-04,hu,135431
2018-04-04,id,797699
2018-04-04,it,4694844
2018-04-04,ja,10843329
2018-04-04,ko,159874
2018-04-04,nl,445605
2018-04-04,no,89272
2018-04-04,pl,1038521
2018-04-04,pt,2883539
2018-04-04,ro,50341
2018-04-04,ru,282275
2018-04-04,simple,75094
2018-04-04,sv,230741
2018-04-04,uk,96632
2018-04-04,zh,2163786
2018-04-05,ar,100135
2018-04-05,cs,166301
2018-04-05,da,68295
2018-04-05,de,5274585
2018-04-05,en,69241300
2018-04-05,es,4395041
2018-04-05,fi,84520
2018-04-05,fr,3090146
2018-04-05,he,109309
2018-04-05,hi,205767
2018-04-05,hu,122269
2018-04-05,id,565329
2018-04-05,it,4728679
2018-04-05,ja,10718613
2018-04-05,ko,198170
2018-04-05,nl,374311
2018-04-05,no,44177
2018-04-05,pl,1012701
2018-04-05,pt,2801634
2018-04-05,ro,41960
2018-04-05,ru,253273
2018-04-05,simple,75160
2018-04-05,sv,147322
2018-04-05,uk,81967
2018-04-05,zh,2133944
2018-04-06,ar,131086
2018-04-06,cs,174103
2018-04-06,da,128372
2018-04-06,de,4819233
2018-04-06,en,68816542
2018-04-06,es,3732942
2018-04-06,fi,90282
2018-04-06,fr,3251067
2018-04-06,he,100120
2018-04-06,hi,192747
2018-04-06,hu,141253
2018-04-06,id,414150
2018-04-06,it,3898052
2018-04-06,ja,13342336
2018-04-06,ko,179957
2018-04-06,nl,369107
2018-04-06,no,80083
2018-04-06,pl,785440
2018-04-06,pt,1986618
2018-04-06,ro,47506
2018-04-06,ru,263556
2018-04-06,simple,84611
2018-04-06,sv,358551
2018-04-06,uk,53226
2018-04-06,zh,2381480
2018-04-07,ar,120568
2018-04-07,cs,133909
2018-04-07,da,88294
2018-04-07,de,4256009
2018-04-07,en,72472368
2018-04-07,es,3209895
2018-04-07,fi,167255
2018-04-07,fr,3184592
2018-04-07,he,139819
2018-04-07,hi,148686
2018-04-07,hu,240557
2018-04-07,id,306402
2018-04-07,it,3942690
2018-04-07,ja,14060079
2018-04-07,ko,195410
2018-04-07,nl,338642
2018-04-07,no,69767
2018-04-07,pl,815279
2018-04-07,pt,1804466
2018-04-07,ro,71452
2018-04-07,ru,324496
2018-04-07,simple,68391
2018-04-07,sv,342078
2018-04-07,uk,53252
2018-04-07,zh,2559350
2018-04-08,ar,185793
2018-04-08,cs,179093
2018-04-08,da,81886
2018-04-08,de,5414454
2018-04-08,en,81696524
2018-04-08,es,4925110
2018-04-08,fi,190717
2018-04-08,fr,4398226
2018-04-08,he,142480
2018-04-08,hi,171518
2018-04-08,hu,604305
2018-04-08,id,505823
2018-04-08,it,4672580
2018-04-08,ja,14771082
2018-04-08,ko,255130
2018-04-08,nl,437639
2018-04-08,no,59576
2018-04-08,pl,1159718
2018-04-08,pt,2667927
2018-04-08,ro,82672
2018-04-08,ru,394994
2018-04-08,simple,75143
2018-04-08,sv,234154
2018-04-08,uk,55693
2018-04-08,zh,2362942
2018-04-09,ar,156749
2018-04-09,cs,185662
2018-04-09,da,74643
2018-04-09,de,5672824
2018-04-09,en,81367210
2018-04-09,es,5632125
2018-04-09,fi,116694
2018-04-09,fr,3611047
2018-04-09,he,157864
2018-04-09,hi,177590
2018-04-09,hu,312738
2018-04-09,id,639952
2018-04-09,it,4788961
2018-04-09,ja,11374036
2018-04-09,ko,194963
2018-04-09,nl,437750
2018-04-09,no,49181
2018-04-09,pl,1057733
2018-04-09,pt,2720131
2018-04-09,ro,48458
2018-04-09,ru,308130
2018-04-09,simple,81694
2018-04-09,sv,200491
2018-04-09,uk,49861
2018-04-09,zh,1763186
2018-04-10,ar,162230
2018-04-10,cs,167484
2018-04-10,da,64628
2018-04-10,de,5763832
2018-04-10,en,73705852
2018-04-10,es,6857944
2018-04-10,fi,89129
2018-04-10,fr,3353468
2018-04-10,he,197806
2018-04-10,hi,163934
2018-04-10,hu,195551
2018-04-10,id,659878
2018-04-10,it,4573802
2018-04-10,ja,10259278
2018-04-10,ko,164767
2018-04-10,nl,404640
2018-04-10,no,49840
2018-04-10,pl,1163218
2018-04-10,pt,2546846
2018-04-10,ro,59836
2018-04-10,ru,292637
2018-04-10,simple,77135
2018-04-10,sv,273068
2018-04-10,uk,78983
2018-04-10,zh,1773700
2018-04-11,ar,176053
2018-04-11,cs,185196
2018-04-11,da,64182
2018-04-11,de,5752688
2018-04-11,en,75603498
2018-04-11,es,6573954
2018-04-11,fi,82558
2018-04-11,fr,3614925
2018-04-11,he,302867
2018-04-11,hi,198888
2018-04-11,hu,157085
2018-04-11,id,730598
2018-04-11,it,4396244
2018-04-11,ja,10770626
2018-04-11,ko,171101
2018-04-11,nl,406837
2018-04-11,no,37441
2018-04-11,pl,1144271
2018-04-11,pt,2519531
2018-04-11,ro,75364
2018-04-11,ru,273179
2018-04-11,simple,82003
2018-04-11,sv,211021
2018-04-11,uk,101372
2018-04-11,zh,1646938
2018-04-12,ar,145925
2018-04-12,cs,158593
2018-04-12,da,60534
2018-04-12,de,5402238
2018-04-12,en,71601754
2018-04-12,es,5802250
2018-04-12,fi,85595
2018-04-12,fr,3257212
2018-04-12,he,325612
2018-04-12,hi,188381
2018-04-12,hu,113675
2018-04-12,id,833233
2018-04-12,it,4469667
2018-04-12,ja,10844378
2018-04-12,ko,163809
2018-04-12,nl,373288
2018-04-12,no,34438
2018-04-12,pl,951110
2018-04-12,pt,2341542
2018-04-12,ro,96303
2018-04-12,ru,299923
2018-04-12,simple,94982
2018-04-12,sv,297510
2018-04-12,uk,98736
2018-04-12,zh,1666931
2018-04-13,ar,201814
2018-04-13,cs,158495
2018-04-13,da,66510
2018-04-13,de,5916863
2018-04-13,en,71093243
2018-04-13,es,4371801
2018-04-13,fi,98775
2018-04-13,fr,2788818
2018-04-13,he,137728
2018-04-13,hi,209443
2018-04-13,hu,117712
2018-04-13,id,402210
2018-04-13,it,3728225
2018-04-13,ja,11048631
2018-04-13,ko,177449
2018-04-13,nl,690868
2018-04-13,no,56566
2018-04-13,pl,780574
2018-04-13,pt,1787028
2018-04-13,ro,53425
2018-04-13,ru,252312
2018-04-13,simple,71330
2018-04-13,sv,460585
2018-04-13,uk,39336
2018-04-13,zh,1662131
2018-04-14,ar,135886
2018-04-14,cs,211022
2018-04-14,da,77046
2018-04-14,de,4807216
2018-04-14,en,71499263
2018-04-14,es,3578069
2018-04-14,fi,142439
2018-04-14,fr,3332082
2018-04-14,he,154150
2018-04-14,hi,232858
2018-04-14,hu,106984
2018-04-14,id,276883
2018-04-14,it,4257362
2018-04-14,ja,13980390
2018-04-14,ko,210017
2018-04-14,nl,942301
2018-04-14,no,46225
2018-04-14,pl,843264
2018-04-14,pt,1672595
2018-04-14,ro,50762
2018-04-14,ru,336990
2018-04-14,simple,68464
2018-04-14,sv,312280
2018-04-14,uk,26531
2018-04-14,zh,2228208
2018-04-15,ar,170297
2018-04-15,cs,226161
2018-04-15,da,84913
2018-04-15,de,6370743
2018-04-15,en,80098672
2018-04-15,es,4734061
2018-04-15,fi,129997
2018-04-15,fr,4244467
2018-04-15,he,167528
2018-04-15,hi,149819
2018-04-15,hu,185077
2018-04-15,id,514978
2018-04-15,it,5666407
2018-04-15,ja,15913557
2018-04-15,ko,226424
2018-04-15,nl,565587
2018-04-15,no,62989
2018-04-15,pl,1236387
2018-04-15,pt,2332918
2018-04-15,ro,71828
2018-04-15,ru,313727
2018-04-15,simple,78551
2018-04-15,sv,253507
2018-04-15,uk,53237
2018-04-15,zh,2623527
2018-04-16,ar,146853
2018-04-16,cs,210673
2018-04-16,da,83785
2018-04-16,de,6524633
2018-04-16,en,81677976
2018-04-16,es,5834444
2018-04-16,fi,104327
2018-04-16,fr,3380086
2018-04-16,he,151126
2018-04-16,hi,154672
2018-04-16,hu,109008
2018-04-16,id,803186
2018-04-16,it,4496031
2018-04-16,ja,11455610
2018-04-16,ko,447367
2018-04-16,nl,507774
2018-04-16,no,37804
2018-04-16,pl,1332276
2018-04-16,pt,2669764
2018-04-16,ro,90804
2018-04-16,ru,303551
2018-04-16,simple,85349
2018-04-16,sv,158062
2018-04-16,uk,116687
2018-04-16,zh,1839510
2018-04-17,ar,118920
2018-04-17,cs,168496
2018-04-17,da,66529
2018-04-17,de,5334012
2018-04-17,en,71826109
2018-04-17,es,5819912
2018-04-17,fi,109889
2018-04-17,fr,2745897
2018-04-17,he,323334
2018-04-17,hi,175435
2018-04-17,hu,122064
2018-04-17,id,846477
2018-04-17,it,4258712
2018-04-17,ja,11960679
2018-04-17,ko,221512
2018-04-17,nl,382777
2018-04-17,no,30674
2018-04-17,pl,1222608
2018-04-17,pt,2463302
2018-04-17,ro,92378
2018-04-17,ru,331859
2018-04-17,simple,80100
2018-04-17,sv,180895
2018-04-17,uk,138352
2018-04-17,zh,1614401
2018-04-18,ar,122595
2018-04-18,cs,166008
2018-04-18,da,52486
2018-04-18,de,4869092
2018-04-18,en,71313632
2018-04-18,es,5931344
2018-04-18,fi,82153
2018-04-18,fr,2714687
2018-04-18,he,353954
2018-04-18,hi,178351
2018-04-18,hu,138413
2018-04-18,id,827152
2018-04-18,it,3984182
2018-04-18,ja,11830986
2018-04-18,ko,221406
2018-04-18,nl,386850
2018-04-18,no,36511
2018-04-18,pl,1228286
2018-04-18,pt,2392692
2018-04-18,ro,112157
2018-04-18,ru,278437
2018-04-18,simple,70876
2018-04-18,sv,148872
2018-04-18,uk,175355
2018-04-18,zh,1485769
2018-04-19,ar,95582
2018-04-19,cs,144540
2018-04-19,da,57515
2018-04-19,de,4559444
2018-04-19,en,66384870
2018-04-19,es,5727477
2018-04-19,fi,88118
2018-04-19,fr,2673738
2018-04-19,he,257135
2018-04-19,hi,154672
2018-04-19,hu,110105
2018-04-19,id,658514
2018-04-19,it,3785256
2018-04-19,ja,11434549
2018-04-19,ko,229465
2018-04-19,nl,322032
2018-04-19,no,32292
2018-04-19,pl,1038622
2018-04-19,pt,2224050
2018-04-19,ro,86708
2018-04-19,ru,361777
2018-04-19,simple,68614
2018-04-19,sv,186739
2018-04-19,uk,129437
2018-04-19,zh,1697951
2018-04-20,ar,155811
2018-04-20,cs,189359
2018-04-20,da,80709
2018-04-20,de,5240969
2018-04-20,en,67958336
2018-04-20,es,4955004
2018-04-20,fi,159660
2018-04-20,fr,3165409
2018-04-20,he,253677
2018-04-20,hi,131344
2018-04-20,hu,174054
2018-04-20,id,502288
2018-04-20,it,4237170
2018-04-20,ja,11141233
2018-04-20,ko,204686
2018-04-20,nl,619707
2018-04-20,no,87714
2018-04-20,pl,926184
2018-04-20,pt,1933891
2018-04-20,ro,82788
2018-04-20,ru,355497
2018-04-20,simple,73598
2018-04-20,sv,678114
2018-04-20,uk,57942
2018-04-20,zh,1698921
2018-04-21,ar,106511
2018-04-21,cs,162381
2018-04-21,da,79471
2018-04-21,de,4567139
2018-04-21,en,67434474
2018-04-21,es,3771294
2018-04-21,fi,167837
2018-04-21,fr,3087814
2018-04-21,he,257275
2018-04-21,hi,136427
2018-04-21,hu,127517
2018-04-21,id,418573
2018-04-21,it,4322067
2018-04-21,ja,13010977
2018-04-21,ko,204146
2018-04-21,nl,493854
2018-04-21,no,67041
2018-04-21,pl,878790
2018-04-21,pt,1735422
2018-04-21,ro,70990
2018-04-21,ru,374927
2018-04-21,simple,64829
2018-04-21,sv,667795
2018-04-21,uk,32234
2018-04-21,zh,2110751
